Date,Time,Day,Trial,Animal,Trial Code,Strategy Type,CSE,velocity,totalDistance,distanceAverage,averageHeadingError,percentTraversed,latency,corridorAverage,score,initial heading error,entropy
2007-05-25,1:11 AM,1,1,Jan-37,37-1 1 1,Thigmotaxis (m),2828.59,17.07,1022.97,49.41,84.38,21.53,59.94,0.2,0,73.36658215,0
2007-05-25,1:13 AM,1,1,Feb-37,37-2 1 1,Thigmotaxis (m),2338.63,18.4,1103.46,41.54,84.1,47.22,59.96,0.41,0,85.85929801,0
2007-05-25,1:16 AM,1,1,Mar-37,37-3 1 1,Thigmotaxis (m),3665.96,18.32,1098.14,63.49,85.01,47.22,59.94,0.14,0,78.75945689,0
2007-05-25,1:23 AM,1,2,Jan-37,37-1 1 2,Thigmotaxis (m),3263.78,19.62,1176.64,54.84,93.42,57.64,59.98,0.05,0,98.89909286,0
2007-05-25,1:26 AM,1,2,Feb-37,37-2 1 2,Thigmotaxis (m),3111.98,19.67,1179.59,52.3,87.55,18.75,59.98,0.11,0,49.72951231,0
2007-05-25,1:28 AM,1,2,Mar-37,37-3 1 2,Thigmotaxis (m),3216.71,17.49,1048.14,53.9,91.41,40.97,59.94,0.07,0,110.601434,0
2007-05-25,1:35 AM,1,3,Jan-37,37-1 1 3,Thigmotaxis (m),2847.31,16.31,977.5,48.07,86.54,26.39,59.92,0.1,0,70.20028133,0
2007-05-25,1:37 AM,1,3,Feb-37,37-2 1 3,Thigmotaxis (m),2196.73,20.3,1195.65,37.67,85.98,44.44,58.9,0.29,0,70.56891164,0
2007-05-25,1:39 AM,1,3,Mar-37,37-3 1 3,Random Search (m),2503.08,13.48,808.03,42.42,89.5,35.42,59.93,0.1,1,81.01110006,0
2007-05-25,1:43 AM,1,4,Jan-37,37-1 1 4,Random Search (m),2841.57,15.09,905.07,50.46,86.53,55.56,59.98,0.33,0,59.12464583,0
2007-05-25,1:45 AM,1,4,Feb-37,37-2 1 4,Thigmotaxis (m),3339.37,16.51,989.78,57.9,103.68,33.33,59.94,0.22,0,134.876815,0
2007-05-25,1:47 AM,1,4,Mar-37,37-3 1 4,Random Search (m),3251.15,14.57,873.13,57.12,86.51,47.22,59.92,0.24,0,65.16458918,0
2007-05-25,10:07 AM,1,1,31-Jan,31-1 1 1,Thigmotaxis (m),2674.92,21.25,1274.39,44.93,88.56,43.75,59.96,0.17,0,109.5138119,0
2007-05-25,10:10 AM,1,1,Feb-31,31-2 1 1,Thigmotaxis (m),2376.12,17.09,1025.1,40.04,92.29,18.06,59.99,0.21,0,122.6271362,0
2007-05-25,10:13 AM,1,1,Jan-32,32-1 1 1,Thigmotaxis (m),2792.48,19.19,1150.99,47.41,89.14,46.53,59.97,0.18,0,107.4682905,0
2007-05-25,10:17 AM,1,1,Feb-32,32-2 1 1,Thigmotaxis (m),3218.47,20.33,1217.94,53.97,90.47,40.97,59.92,0.13,0,96.77573502,0
2007-05-25,10:21 AM,1,2,31-Jan,31-1 1 2,Thigmotaxis (m),2564.22,17.86,1070.83,45,88.3,34.03,59.95,0.35,0,87.4140307,0
2007-05-25,10:23 AM,1,2,Feb-31,31-2 1 2,Directed Search (m),230.77,16.94,157.05,41.63,44.5,10.42,9.27,0.56,2,58.1927654,0
2007-05-25,10:25 AM,1,2,Jan-32,32-1 1 2,Thigmotaxis (m),2869.66,17.45,1046.35,50.37,88.39,41.67,59.95,0.33,0,28.15002183,0
2007-05-25,10:27 AM,1,2,Feb-32,32-2 1 2,Thigmotaxis (m),3301.5,17.68,1058.99,57.62,89.12,22.92,59.91,0.13,0,59.65896933,0
2007-05-25,10:31 AM,1,3,31-Jan,31-1 1 3,Random Search (m),2538.78,19.14,1148,42.82,91.71,54.17,59.98,0.23,0,73.04777862,0
2007-05-25,10:34 AM,1,3,Feb-31,31-2 1 3,Thigmotaxis (m),2355.92,16.04,961.79,39.81,89,37.5,59.95,0.3,0,42.72512373,0
2007-05-25,10:36 AM,1,3,Jan-32,32-1 1 3,Thigmotaxis (m),2478.23,14.44,828.7,43.79,90.52,25,57.37,0.19,0,60.04960597,0
2007-05-25,10:38 AM,1,3,Feb-32,32-2 1 3,Thigmotaxis (m),3088.29,19.72,1181.78,51.95,90.31,40.28,59.92,0.16,0,30.85453348,0
2007-05-25,10:41 AM,1,4,31-Jan,31-1 1 4,Random Search (m),2642.05,17.97,928.06,53.67,86.59,63.89,51.64,0.23,0,51.62858715,0
2007-05-25,10:44 AM,1,4,Feb-31,31-2 1 4,Thigmotaxis (m),3621.33,12.57,752.88,63.38,89.55,24.31,59.9,0.13,0,68.92018991,0
2007-05-25,10:45 AM,1,4,Jan-32,32-1 1 4,Spatial Indirect (m),284.7,24.2,256.56,36.53,55.41,15.28,10.6,0.58,2,40.07866944,0
2007-05-25,10:47 AM,1,4,Feb-32,32-2 1 4,Thigmotaxis (m),3413.09,17.76,1064.11,59.02,92.3,27.08,59.92,0.1,0,64.40289066,0
2007-05-25,11:07 AM,1,1,Jan-33,33-1 1 1,Thigmotaxis (m),3531.51,16.04,961.09,61.3,88.34,34.03,59.91,0.12,0,32.44558074,0
2007-05-25,11:09 AM,1,1,Feb-33,33-2 1 1,Thigmotaxis (m),3158.2,17.69,1061.11,55.08,89.41,33.33,59.97,0.2,0,103.6101802,0
2007-05-25,11:12 AM,1,1,Mar-33,33-3 1 1,Thigmotaxis (m),3493.44,18.32,1098.05,60.56,87.37,40.28,59.93,0.12,0,88.26916745,0
2007-05-25,11:14 AM,1,1,Apr-33,33-4 1 1,Thigmotaxis (m),3160.44,17.53,1051.46,55.22,87.14,40.28,59.97,0.22,0,59.5922099,0
2007-05-25,11:17 AM,1,2,Jan-33,33-1 1 2,Thigmotaxis (m),3003.13,17.3,1036.46,50.56,91.24,32.64,59.9,0.23,0,66.31210248,0
2007-05-25,11:19 AM,1,2,Feb-33,33-2 1 2,Random Search (m),213.12,24.88,242.09,23.91,69.54,13.89,9.73,0.33,2,34.79424909,0
2007-05-25,11:20 AM,1,2,Mar-33,33-3 1 2,Focal Search (m),68.9,29.84,176.38,13.65,62.27,6.94,5.91,0.43,2,75.51748058,0
2007-05-25,11:22 AM,1,2,Apr-33,33-4 1 2,Thigmotaxis (m),3583.22,18.04,1082.19,60.24,88.56,34.03,59.98,0.09,0,60.56503257,0
2007-05-25,11:24 AM,1,3,Jan-33,33-1 1 3,Spatial Indirect (m),480.16,21.73,310.06,42.3,67.67,19.44,14.27,0.44,0,81.2620268,0
2007-05-25,11:27 AM,1,3,Feb-33,33-2 1 3,Thigmotaxis (m),2892.86,18.31,1097.06,50.71,85.19,40.97,59.9,0.26,0,16.39952125,0
2007-05-25,11:29 AM,1,3,Mar-33,33-3 1 3,Scanning (m),764.94,19.08,390.53,43.24,76.22,23.61,20.47,0.25,1,39.26749318,0
2007-05-25,11:32 AM,1,3,Apr-33,33-4 1 3,Thigmotaxis (m),4021.66,16.83,1009.36,69.38,87.75,21.53,59.99,0.02,0,72.14844359,0
2007-05-25,11:34 AM,1,4,Jan-33,33-1 1 4,Thigmotaxis (m),529.78,20.01,287.36,39.15,80.58,21.53,14.36,0.3,0,71.3154215,0
2007-05-25,11:35 AM,1,4,Feb-33,33-2 1 4,Spatial Indirect (m),100.02,18.38,126.67,19.88,69.39,9.03,6.89,0.41,2,44.21685395,0
2007-05-25,11:38 AM,1,4,Mar-33,33-3 1 4,Random Search (m),3551.62,16.88,1011.4,59.78,92.66,46.53,59.93,0.01,0,111.635222,0
2007-05-25,11:40 AM,1,4,Apr-33,33-4 1 4,Thigmotaxis (m),3744.94,14.32,858.94,63,93.73,43.75,59.98,0.01,0,129.958322,0
2007-05-25,12:08 PM,1,1,Jan-35,35-1 1 1,Random Search (m),1002.46,25.16,520.06,53.3,83.13,24.31,20.67,0.28,1,63.80825153,0
2007-05-25,12:11 PM,1,1,Feb-35,35-2 1 1,Thigmotaxis (m),3737.1,21.94,1314.5,64.28,87.41,30.56,59.91,0.06,0,50.8115188,0
2007-05-25,12:13 PM,1,1,Jan-36,36-1 1 1,Thigmotaxis (m),2931.52,20.7,1240.69,50.98,86.69,46.53,59.95,0.25,0,92.68648523,0
2007-05-25,12:16 PM,1,1,Feb-36,36-2 1 1,Not Recognized (m),2110.22,16.74,635.37,59.59,80.62,20.83,37.95,0.15,1,62.68160862,0
2007-05-25,12:18 PM,1,2,Jan-35,35-1 1 2,Scanning (m),377.86,18.11,303.4,24.66,84.64,9.72,16.75,0.41,0,96.87298511,0
2007-05-25,12:19 PM,1,2,Feb-35,35-2 1 2,Random Search (m),1121.88,21.84,516.77,48.35,83.65,34.72,23.66,0.08,1,106.9266279,0
2007-05-25,12:21 PM,1,2,Jan-36,36-1 1 2,Thigmotaxis (m),2374.43,12.7,761.1,40.39,88.45,22.92,59.94,0.31,0,89.04911595,0
2007-05-25,12:24 PM,1,2,Feb-36,36-2 1 2,Thigmotaxis (m),2973.37,18.96,1137.44,50.12,93.1,37.5,60,0.19,0,120.0643345,0
2007-05-25,12:26 PM,1,3,Jan-35,35-1 1 3,Focal Search (m),84.71,25.42,185.34,13.75,74.5,9.03,7.29,0.55,2,58.29722132,0
2007-05-25,12:28 PM,1,3,Feb-35,35-2 1 3,Random Search (m),1459.27,24.32,801.66,45.12,86.93,42.36,32.96,0.18,0,67.98098181,0
2007-05-25,12:29 PM,1,3,Jan-36,36-1 1 3,Random Search (m),1816.28,13.2,791.14,30.65,92.07,33.33,59.92,0.26,0,98.74513458,0
2007-05-25,12:31 PM,1,3,Feb-36,36-2 1 3,Chaining (m),487.85,20.95,392.25,27.31,79.19,30.56,18.72,0.44,0,26.97402589,0
2007-05-25,12:34 PM,1,4,Jan-35,35-1 1 4,Random Search (m),2805.11,19.91,1193.94,48.68,89.3,73.61,59.97,0.27,0,72.36029996,0
2007-05-25,12:36 PM,1,4,Feb-35,35-2 1 4,Chaining (m),1023.33,25.21,722.34,39.71,84.89,40.97,28.65,0.48,1,59.41980974,0
2007-05-25,12:38 PM,1,4,Jan-36,36-1 1 4,Thigmotaxis (m),3791.47,10.87,651.59,67.12,85.79,16.67,59.95,0.04,0,57.74347052,0
2007-05-25,12:41 PM,1,4,Feb-36,36-2 1 4,Thigmotaxis (m),3108.18,16.02,960.89,54.63,84.64,40.97,59.98,0.25,0,43.57332383,0
2007-05-26,7:30 AM,2,1,31-Jan,31-1 2 1,Direct swim (m),66.78,24.03,93.23,24.92,44.65,5.56,3.88,0.3,2,85.51606834,0
2007-05-26,7:31 AM,2,1,Feb-31,31-2 2 1,Focal Search (m),193.14,11.11,125.53,20.16,81.97,4.86,11.3,0.18,2,14.52105477,0
2007-05-26,7:33 AM,2,1,Jan-32,32-1 2 1,Thigmotaxis (m),2632.51,18.54,784.82,62.71,87.03,32.64,42.32,0.04,0,126.5129061,0
2007-05-26,7:35 AM,2,1,Feb-32,32-2 2 1,Random Search (m),2955.34,21.93,1314.8,49.85,90.98,50,59.95,0.16,0,37.48686315,0
2007-05-26,7:36 AM,2,2,31-Jan,31-1 2 2,Spatial Indirect (m),345.67,32.66,271.11,50.43,71.77,19.44,8.3,0.29,1,124.4632818,0
2007-05-26,7:37 AM,2,2,Feb-31,31-2 2 2,Chaining (m),905,22.27,531.72,42.55,80.52,38.89,23.88,0.34,0,45.43514049,0
2007-05-26,7:39 AM,2,2,Jan-32,32-1 2 2,Thigmotaxis (m),3270.52,20.84,1249.78,56.63,90.66,44.44,59.98,0.19,0,61.59711303,0
2007-05-26,7:42 AM,2,2,Feb-32,32-2 2 2,Random Search (m),3149.68,21.17,1268.63,54.25,86.54,63.89,59.92,0.2,0,112.9887662,0
2007-05-26,7:43 AM,2,3,31-Jan,31-1 2 3,Focal Search (m),187.84,19.49,190,31.55,72.65,13.89,9.75,0.69,2,119.3243841,0
2007-05-26,7:44 AM,2,3,Feb-31,31-2 2 3,Random Search (m),403.28,21.22,234.87,47,65.17,17.36,11.07,0.28,1,65.66996426,0
2007-05-26,7:46 AM,2,3,Jan-32,32-1 2 3,Random Search (m),2778,17.26,1034.96,48.82,92.03,54.17,59.98,0.27,1,64.36627044,0
2007-05-26,7:48 AM,2,3,Feb-32,32-2 2 3,Chaining (m),434.14,19.67,223.4,49.35,66.65,20.83,11.36,0.3,1,55.38510717,0
2007-05-26,7:49 AM,2,4,31-Jan,31-1 2 4,Focal Search (m),80.55,42.48,217.9,18.17,68.56,12.5,5.13,0.75,2,46.12371027,0
2007-05-26,7:50 AM,2,4,Feb-31,31-2 2 4,Scanning (m),339.68,19.73,349.75,19.97,85.8,28.47,17.73,0.43,2,138.7127151,0
2007-05-26,7:52 AM,2,4,Jan-32,32-1 2 4,Random Search (m),2543.38,17.12,1026.2,42.81,94.76,47.22,59.93,0.25,1,88.26239116,0
2007-05-26,7:54 AM,2,4,Feb-32,32-2 2 4,Focal Search (m),67.87,43.87,171.09,20.13,68.01,4.86,3.9,0.4,2,42.65020243,0
2007-05-26,8:11 AM,2,1,Jan-33,33-1 2 1,Thigmotaxis (m),3097.49,19.97,1196.84,51.89,91.61,39.58,59.94,0.2,0,120.7598916,0
2007-05-26,8:12 AM,2,1,Feb-33,33-2 2 1,Scanning (m),540.35,23.95,466.16,28.39,91.26,29.17,19.46,0.13,0,81.37867882,0
2007-05-26,8:13 AM,2,1,Mar-33,33-3 2 1,Spatial Indirect (m),73.2,41.91,194.04,17.59,69.25,9.03,4.63,0.73,2,64.61260489,0
2007-05-26,8:15 AM,2,1,Apr-33,33-4 2 1,Thigmotaxis (m),3356.34,20.66,1239.45,56.24,90.21,49.31,59.99,0.02,0,54.23273729,0
2007-05-26,8:17 AM,2,2,Jan-33,33-1 2 2,Chaining (m),561.63,26.32,439.33,39.1,81.08,29.86,16.69,0.53,0,112.3279002,0
2007-05-26,8:18 AM,2,2,Feb-33,33-2 2 2,Spatial Indirect (m),153.6,35.24,222.38,35.75,53.4,12.5,6.31,0.94,2,87.86964391,0
2007-05-26,8:20 AM,2,2,Mar-33,33-3 2 2,Random Search (m),2947.7,21.9,1313.75,51.02,91.46,63.19,59.99,0.24,1,24.83449123,0
2007-05-26,8:22 AM,2,2,Apr-33,33-4 2 2,Thigmotaxis (m),3197.88,20.85,1250.97,55.3,89.11,48.61,59.99,0.16,0,91.53591631,0
2007-05-26,8:24 AM,2,3,Jan-33,33-1 2 3,Directed Search (m),142.94,24.26,147.03,40.34,51.84,11.11,6.06,0.6,2,60.6303681,0
2007-05-26,8:25 AM,2,3,Feb-33,33-2 2 3,Directed Search (m),97.91,24.94,163.6,31.03,47.06,15.97,6.56,0.7,2,29.76030128,0
2007-05-26,8:26 AM,2,3,Mar-33,33-3 2 3,Random Search (m),3382.97,17.93,1074.54,58.72,86.99,47.22,59.94,0.1,0,50.37676588,0
2007-05-26,8:29 AM,2,3,Apr-33,33-4 2 3,Thigmotaxis (m),3394.07,17.27,1035.2,59.14,86.86,46.53,59.94,0.17,0,73.89986858,0
2007-05-26,8:30 AM,2,4,Jan-33,33-1 2 4,Spatial Indirect (m),39.13,33.89,85.4,22.33,23.71,4.17,2.52,0.48,3,21.58880732,0
2007-05-26,8:31 AM,2,4,Feb-33,33-2 2 4,Spatial Indirect (m),109.2,19.05,144.97,18.2,72.06,12.5,7.61,0.38,2,34.92986118,0
2007-05-26,8:33 AM,2,4,Mar-33,33-3 2 4,Scanning (m),1663.95,17.78,681.31,44.3,87.5,58.33,38.31,0.08,1,71.76607034,0
2007-05-26,8:35 AM,2,4,Apr-33,33-4 2 4,Random Search (m),2034.34,18.26,944.03,40.03,88.16,44.44,51.69,0.16,1,43.09003487,0
2007-05-26,8:55 AM,2,1,Jan-35,35-1 2 1,Random Search (m),1943.1,19.49,682.6,56.3,88.6,27.78,35.02,0.03,1,92.60980292,0
2007-05-26,8:56 AM,2,1,Feb-35,35-2 2 1,Random Search (m),1620,26.69,1052.77,41.49,88.6,53.47,39.45,0.23,0,87.57072633,0
2007-05-26,8:58 AM,2,1,Jan-36,36-1 2 1,Thigmotaxis (m),3317.93,16.51,989.14,55.86,89.98,31.94,59.9,0.14,0,70.14968683,0
2007-05-26,9:00 AM,2,1,Feb-36,36-2 2 1,Random Search (m),1697.88,19.91,893.58,38.6,91.28,60.42,44.88,0.24,1,80.40450944,0
2007-05-26,9:03 AM,2,2,Jan-35,35-1 2 2,Random Search (m),1761.14,22.56,904.35,44.28,88.79,56.25,40.08,0.17,1,69.65921977,0
2007-05-26,9:04 AM,2,2,Feb-35,35-2 2 2,Scanning (m),424.06,35.67,443.4,35.02,86.12,39.58,12.43,0.11,1,85.62767879,0
2007-05-26,9:06 AM,2,2,Jan-36,36-1 2 2,Thigmotaxis (m),2220.32,16.26,975.11,37.31,92.8,43.06,59.97,0.23,0,122.1707434,0
2007-05-26,9:07 AM,2,2,Feb-36,36-2 2 2,Spatial Indirect (m),148.86,27.39,200.8,21.81,79.98,7.64,7.33,0.15,2,115.6322055,0
2007-05-26,9:09 AM,2,3,Jan-35,35-1 2 3,Scanning (m),2973.14,20.16,1207.71,51.45,90.04,67.36,59.92,0.21,1,114.6605391,0
2007-05-26,9:12 AM,2,3,Feb-35,35-2 2 3,Random Search (m),1502.67,26.92,770.2,54.67,82.72,50,28.61,0.2,1,140.525313,0
2007-05-26,9:13 AM,2,3,Jan-36,36-1 2 3,Random Search (m),2883.55,15.02,900.43,50.55,93.5,41.67,59.96,0.12,1,26.17460436,0
2007-05-26,9:15 AM,2,3,Feb-36,36-2 2 3,Random Search (m),393.75,26.66,277.3,44.36,71.94,21.53,10.4,0.29,1,68.90248619,0
2007-05-26,9:17 AM,2,4,Jan-35,35-1 2 4,Scanning (m),840.23,17.71,315.47,54.92,76.37,22.92,17.81,0.25,1,75.81542961,0
2007-05-26,9:18 AM,2,4,Feb-35,35-2 2 4,Random Search (m),361.29,26.6,352.13,34.7,72.56,36.81,13.24,0.52,1,23.66980968,0
2007-05-26,9:20 AM,2,4,Jan-36,36-1 2 4,Random Search (m),2076.26,11.99,592.09,46.11,85.71,45.83,49.38,0.27,0,36.39652185,0
2007-05-26,9:21 AM,2,4,Feb-36,36-2 2 4,Spatial Indirect (m),217.89,29.47,203.67,44.52,54.82,19.44,6.91,0.31,2,72.49961312,0
2007-05-26,9:43 AM,2,1,Jan-37,37-1 2 1,Spatial Indirect (m),149.15,16.02,121.4,26,62.44,6.25,7.58,0.47,2,39.50881643,0
2007-05-26,9:44 AM,2,1,Feb-37,37-2 2 1,Spatial Indirect (m),62.8,24.34,106.37,19.21,46.26,7.64,4.37,0.42,2,51.42880596,0
2007-05-26,9:45 AM,2,1,Mar-37,37-3 2 1,Spatial Indirect (m),133.18,27.69,133.49,33.26,58.94,9.03,4.82,0.22,2,84.8593076,0
2007-05-26,9:48 AM,2,2,Jan-37,37-1 2 2,Thigmotaxis (m),2669.29,20.38,1221.13,46.92,87.85,49.31,59.92,0.3,0,50.43169633,0
2007-05-26,9:50 AM,2,2,Feb-37,37-2 2 2,Random Search (m),2900.83,20.92,1252.92,50.34,89.4,56.25,59.9,0.3,1,64.85526351,0
2007-05-26,9:52 AM,2,2,Mar-37,37-3 2 2,Spatial Indirect (m),206,27.02,281.57,28.31,68.07,22.92,10.42,0.63,2,118.1180997,0
2007-05-26,9:55 AM,2,3,Jan-37,37-1 2 3,Spatial Indirect (m),615.94,13.91,210.84,52.85,64.86,15.97,15.16,0.19,0,66.39108955,0
2007-05-26,9:56 AM,2,3,Feb-37,37-2 2 3,Random Search (m),980.18,16.88,512.85,37.13,86.44,36.11,30.39,0.45,0,63.21434392,0
2007-05-26,9:57 AM,2,3,Mar-37,37-3 2 3,Spatial Indirect (m),262.88,25.07,254.7,35.59,68.26,18.06,10.16,0.37,2,38.45992153,0
2007-05-26,10:01 AM,2,4,Jan-37,37-1 2 4,Scanning (m),276.81,26.54,338.42,23.1,80.52,20.14,12.75,0.64,2,52.32709888,0
2007-05-26,10:02 AM,2,4,Feb-37,37-2 2 4,Spatial Indirect (m),72.98,37.75,155.91,19.6,66.81,6.25,4.13,0.28,2,96.12457033,0
2007-05-26,10:03 AM,2,4,Mar-37,37-3 2 4,Spatial Indirect (m),42.9,68.9,158.47,21.66,50.53,6.25,2.3,0.29,2,96.33710627,0
2007-05-27,7:12 AM,3,1,31-Jan,31-1 3 1,Random Search (m),2321.36,25.11,1506.67,40.3,89.52,70.83,60,0.37,0,70.29095664,0
2007-05-27,7:16 AM,3,1,Feb-31,31-2 3 1,Random Search (m),2733.11,20.73,1243.14,47.44,90.47,54.86,59.96,0.24,0,112.8105948,0
2007-05-27,7:18 AM,3,1,Jan-32,32-1 3 1,Random Search (m),2859.77,19.56,1172.54,49.67,88.15,52.08,59.96,0.22,1,72.42906837,0
2007-05-27,7:19 AM,3,1,Feb-32,32-2 3 1,Direct swim (m),162.23,43.58,201.78,47.69,40.86,10.42,4.63,0.52,2,95.70251331,0
2007-05-27,7:21 AM,3,2,31-Jan,31-1 3 2,Spatial Indirect (m),41.03,29.79,89.08,19.89,40.54,4.86,2.99,0.52,2,50.2441102,0
2007-05-27,7:22 AM,3,2,31-2*,31-2* 3 2,Spatial Indirect (m),116.49,19.29,101.86,28.48,57.42,6.25,5.28,0.35,2,103.9032453,0
2007-05-27,7:24 AM,3,2,Jan-32,32-1 3 2,Thigmotaxis (m),2718.88,16.59,995.19,45.91,92.98,43.06,60,0.1,1,63.01114813,0
2007-05-27,7:25 AM,3,2,Feb-32,32-2 3 2,Spatial Indirect (m),124.13,34.4,146.21,33.79,56.54,15.28,4.25,0.14,2,84.08709336,0
2007-05-27,7:27 AM,3,3,31-Jan,31-1 3 3,Random Search (m),2158.92,19.88,1192.1,36.28,93.43,60.42,59.95,0.19,1,125.7876294,0
2007-05-27,7:29 AM,3,3,Feb-31,31-2 3 3,Scanning (m),725.01,19.51,375.17,38.14,85.22,26.39,19.23,0.03,0,95.54502948,0
2007-05-27,7:31 AM,3,3,Jan-32,32-1 3 3,Random Search (m),1281.24,15.49,562.79,36.05,91.03,43.75,36.34,0.32,0,77.26741837,0
2007-05-27,7:32 AM,3,3,Feb-32,32-2 3 3,Focal Search (m),80.42,31.12,230.01,12.97,80.91,13.19,7.39,0.81,2,29.34339592,0
2007-05-27,7:34 AM,3,4,31-Jan,31-1 3 4,Scanning (m),2680.79,14.4,863.38,47.41,91.11,48.61,59.97,0.35,0,39.28237129,0
2007-05-27,7:35 AM,3,4,Feb-31,31-2 3 4,Spatial Indirect (m),162.85,26.38,149.06,46.21,43.74,10.42,5.65,0.47,2,77.2109484,0
2007-05-27,7:36 AM,3,4,Jan-32,32-1 3 4,Directed Search (m),166.91,18.88,146.33,39.39,36.91,11.11,7.75,0.77,2,33.34306387,0
2007-05-27,7:38 AM,3,4,Feb-32,32-2 3 4,Spatial Indirect (m),120.01,34.74,153.21,44.27,42.59,13.89,4.41,0.38,2,89.27412152,0
2007-05-27,7:46 AM,3,1,Jan-33,33-1 3 1,Directed Search (m),141.78,37.09,217.34,35.8,43.04,12.5,5.86,0.77,2,27.21595885,0
2007-05-27,7:48 AM,3,1,Feb-33,33-2 3 1,Random Search (m),2666.99,21.06,1262.59,46.33,92.09,63.19,59.94,0.3,0,57.99153882,0
2007-05-27,7:51 AM,3,1,Mar-33,33-3 3 1,Thigmotaxis (m),3218.72,23.7,1420.6,55.35,90.69,59.72,59.95,0.14,0,79.06966565,0
2007-05-27,7:52 AM,3,1,Apr-33,33-4 3 1,Random Search (m),1571.12,22.79,691.24,54.65,81.32,46.53,30.33,0.27,1,36.82077305,0
2007-05-27,7:54 AM,3,2,Jan-33,33-1 3 2,Random Search (m),1326.52,20.59,806.37,36.86,84.91,62.5,39.17,0.44,1,58.67210191,0
2007-05-27,7:55 AM,3,2,Feb-33,33-2 3 2,Directed Search (m),144.79,18.29,155.81,33.91,48.72,13.89,8.52,0.76,2,30.51999439,0
2007-05-27,7:57 AM,3,2,Mar-33,33-3 3 2,Random Search (m),3204.55,18.57,1113.77,55.66,87.76,63.89,59.98,0.2,1,45.40362135,0
2007-05-27,7:58 AM,3,2,Apr-33,33-4 3 2,Scanning (m),421.49,23.71,219.76,56.57,69.2,15.97,9.27,0.18,1,98.78986862,0
2007-05-27,8:00 AM,3,3,Jan-33,33-1 3 3,Spatial Indirect (m),162.52,21.5,151.57,27.45,69.59,15.97,7.05,0.26,2,114.2568999,0
2007-05-27,8:00 AM,3,3,Feb-33,33-2 3 3,Focal Search (m),37.09,24.41,97.63,13.04,48.12,5.56,4,0.78,2,15.96560235,0
2007-05-27,8:02 AM,3,3,33-3*,33-3* 3 3,Spatial Indirect (m),120.94,19.23,115.02,26.24,59.44,5.56,5.98,0.32,2,54.12623254,0
2007-05-27,8:02 AM,3,3,33-4*,33-4* 3 3,Direct swim (m),74.46,26.68,90.99,28.7,49.5,4.17,3.41,0.36,2,85.63952532,0
2007-05-27,8:04 AM,3,4,Jan-33,33-1 3 4,Spatial Indirect (m),119.98,27.93,193.28,19.51,75.65,8.33,6.92,0.39,2,108.7086962,0
2007-05-27,8:05 AM,3,4,Feb-33,33-2 3 4,Directed Search (m),79.44,15.66,103.34,18.52,58,6.25,6.6,0.76,2,31.1756065,0
2007-05-27,8:06 AM,3,4,Mar-33,33-3 3 4,Spatial Indirect (m),376.81,30.97,290.79,41.02,81.51,19.44,9.39,0.16,1,117.3931928,0
2007-05-27,8:07 AM,3,4,Apr-33,33-4 3 4,Scanning (m),175.7,29.19,254.79,20.94,83.9,18.75,8.73,0.28,2,63.83410666,0
2007-05-27,8:20 AM,3,1,Jan-35,35-1 3 1,Focal Search (m),61.55,46.06,171.35,17.98,72.28,4.17,3.72,0.41,2,63.98584839,0
2007-05-27,8:21 AM,3,1,Feb-35,35-2 3 1,Spatial Indirect (m),22.47,93.4,149.44,15.85,55.02,5.56,1.6,0.35,2,60.34240267,0
2007-05-27,8:22 AM,3,1,Jan-36,36-1 3 1,Chaining (m),167.64,39.17,229.57,30.87,68.68,17.36,5.86,0.07,2,62.66645208,0
2007-05-27,8:23 AM,3,1,Feb-36,36-2 3 1,Scanning (m),669.58,25.39,484.97,35.42,85.34,40.28,19.1,0.09,1,142.5098702,0
2007-05-27,8:25 AM,3,2,35-1*,35-1* 3 2,Random Search (m),2658.14,25.37,1520.7,44.82,91.44,75,59.95,0.18,0,66.36178927,0
2007-05-27,8:27 AM,3,2,Feb-35,35-2 3 2,Random Search (m),1522.06,24.96,952.33,40.57,88.23,67.36,38.16,0.26,1,39.78898385,0
2007-05-27,8:28 AM,3,2,Jan-36,36-1 3 2,Scanning (m),874.92,21.92,565.88,34.85,87.43,45.14,25.82,0.38,1,12.61202704,0
2007-05-27,8:30 AM,3,2,36-2*,36-2* 3 2,Focal Search (m),73.54,23.98,129.03,20.81,62.39,13.19,5.38,0.45,2,55.37345774,0
2007-05-27,8:32 AM,3,3,Jan-35,35-1 3 3,Scanning (m),548.51,28.71,384.36,46.84,76.67,28.47,13.39,0.28,1,85.96579081,0
2007-05-27,8:33 AM,3,3,Feb-35,35-2 3 3,Scanning (m),662.89,25.81,439.78,44.76,73.26,34.03,17.04,0.49,1,24.39360788,0
2007-05-27,8:34 AM,3,3,Jan-36,36-1 3 3,Direct swim (m),106.81,53.76,195.15,43.06,34.11,9.03,3.63,0.74,3,34.1831195,0
2007-05-27,8:36 AM,3,3,Feb-36,36-2 3 3,Scanning (m),1037.13,21.36,549.49,44.12,81.97,42.36,25.72,0.15,1,67.53335947,0
2007-05-27,8:39 AM,3,4,Jan-35,35-1 3 4,Scanning (m),833.53,25.65,511.72,46.72,77.48,43.06,19.95,0.39,1,57.77893531,0
2007-05-27,8:40 AM,3,4,Feb-35,35-2 3 4,Scanning (m),1267.62,22.19,563.01,54.37,80.04,43.06,25.37,0.14,1,60.93633318,0
2007-05-27,8:41 AM,3,4,Jan-36,36-1 3 4,Direct swim (m),49,44.11,122.61,36.93,14.06,10.42,2.78,0.86,3,11.77318863,0
2007-05-27,8:42 AM,3,4,Feb-36,36-2 3 4,Focal Search (m),158.89,22.93,214.15,27.37,65.13,20.14,9.34,0.69,2,22.89272567,0
2007-05-27,9:00 AM,3,1,Jan-37,37-1 3 1,Focal Search (m),202.36,25.1,338.85,22.4,72.92,24.31,13.5,0.87,2,72.06482217,0
2007-05-27,9:01 AM,3,1,Feb-37,37-2 3 1,Focal Search (m),372.05,22.13,384.92,27.34,81.61,27.78,17.39,0.32,1,32.58383043,0
2007-05-27,9:02 AM,3,1,Mar-37,37-3 3 1,Scanning (m),346.08,28.01,347.62,34.89,72.65,26.39,12.41,0.42,0,70.27225153,0
2007-05-27,9:05 AM,3,2,Jan-37,37-1 3 2,Chaining (m),744.47,22.91,445.09,44.1,84.13,32.64,19.43,0.38,1,39.50119454,0
2007-05-27,9:06 AM,3,2,Feb-37,37-2 3 2,Direct swim (m),-15.74,17.58,136.91,15.43,60.82,11.11,7.79,0.48,2,29.26016791,0
2007-05-27,9:07 AM,3,2,Mar-37,37-3 3 2,Scanning (m),285.7,24.08,279.05,34.17,72.88,25.69,11.59,0.6,2,21.38053776,0
2007-05-27,9:11 AM,3,3,Jan-37,37-1 3 3,Focal Search (m),60.89,43.03,167.81,19.6,59.14,8.33,3.9,0.62,2,51.66124405,0
2007-05-27,9:12 AM,3,3,Feb-37,37-2 3 3,Direct swim (m),12.87,93.48,129.94,11.07,49.63,3.47,1.39,0.53,2,24.08900736,0
2007-05-27,9:13 AM,3,3,Mar-37,37-3 3 3,Focal Search (m),90.25,39.57,199.01,19.34,75.16,13.19,5.03,0.5,2,78.61243344,0
2007-05-27,9:16 AM,3,4,37-1*,37-1* 3 4,Scanning (m),603.87,16.39,438.43,24.16,90.16,22.22,26.75,0.43,1,46.66422468,0
2007-05-27,9:17 AM,3,4,37-2*,37-2* 3 4,Random Search (m),804.15,23.18,542.45,35.43,88.28,42.36,23.4,0.21,1,110.7406399,0
2007-05-27,9:18 AM,3,4,37-3*,37-3* 3 4,Spatial Indirect (m),85.14,34.99,114.08,31.88,55.94,10.42,3.26,0.15,2,87.02195805,0
2007-05-28,7:27 AM,4,1,31-Jan,31-1 4 1,Random Search (m),2083.95,16.83,814.23,45.82,80.88,45.14,48.37,0.28,1,37.87641311,0
2007-05-28,7:28 AM,4,1,Feb-31,31-2 4 1,Direct swim (m),71.98,32.39,121.15,40,20.9,9.72,3.74,0.67,3,26.02231443,0
2007-05-28,7:29 AM,4,1,Jan-32,32-1 4 1,Spatial Indirect (m),442.82,18.4,224.13,47.68,67.76,17.36,12.18,0.26,1,80.27670849,0
2007-05-28,7:30 AM,4,1,Feb-32,32-2 4 1,Random Search (m),1873.59,21.61,1166.7,36.68,87.32,51.39,53.99,0.39,1,23.84708784,0
2007-05-28,7:33 AM,4,2,31-Jan,31-1 4 2,Scanning (m),379.84,27.03,341.94,31.06,87.17,26.39,12.65,0.06,0,41.33361282,0
2007-05-28,7:34 AM,4,2,Feb-31,31-2 4 2,Spatial Indirect (m),65.16,45.94,175.02,19.49,63.32,8.33,3.81,0.35,2,94.35444685,0
2007-05-28,7:35 AM,4,2,Jan-32,32-1 4 2,Spatial Indirect (m),218.62,34.32,217.22,35.82,72.05,15.28,6.33,0.12,2,110.8747252,0
2007-05-28,7:36 AM,4,2,Feb-32,32-2 4 2,Direct swim (m),28.27,58.57,155.21,13.63,50.12,7.64,2.65,0.93,2,15.64908614,0
2007-05-28,7:37 AM,4,3,31-Jan,31-1 4 3,Directed Search (m),182.52,28.74,199.2,39.49,36.55,11.81,6.93,0.86,2,27.39472364,0
2007-05-28,7:39 AM,4,3,Feb-31,31-2 4 3,Scanning (m),333.82,18.99,345.49,24.27,76.16,24.31,18.19,0.56,1,19.14674708,0
2007-05-28,7:40 AM,4,3,Jan-32,32-1 4 3,Direct swim (m),126.12,45.82,184.65,44.61,37.51,11.11,4.03,0.76,2,94.32848128,0
2007-05-28,7:41 AM,4,3,Feb-32,32-2 4 3,Scanning (m),382.15,24.13,372.61,31.11,74.32,29.17,15.44,0.62,0,39.05596296,0
2007-05-28,7:42 AM,4,4,31-1*,31-1* 4 4,Focal Search (m),49.29,22.43,106.99,16.4,55.24,6.25,4.77,0.65,2,29.652036,0
2007-05-28,7:43 AM,4,4,31-2*,31-2* 4 4,Direct swim (m),31.03,24.9,93.39,13.7,51.59,6.94,3.75,0.87,2,25.14899055,0
2007-05-28,7:45 AM,4,4,32-1*,32-1* 4 4,Focal Search (m),120.1,24.05,145.77,23.07,73.13,9.03,6.06,0.27,2,85.5030861,0
2007-05-28,7:46 AM,4,4,32-2*,32-2* 4 4,Focal Search (m),334.17,18.26,326.07,20.96,85.45,24.31,17.86,0.51,2,51.39043518,0
2007-05-28,7:56 AM,4,1,Jan-33,33-1 4 1,Directed Search (m),140.01,25.33,196.29,30.8,51.95,18.75,7.75,0.67,2,19.70110047,0
2007-05-28,7:57 AM,4,1,Feb-33,33-2 4 1,Directed Search (m),135.9,19.51,154.48,33.43,46.67,14.58,7.92,0.69,2,36.43882858,0
2007-05-28,7:58 AM,4,1,Mar-33,33-3 4 1,Chaining (m),283.49,30.8,311.06,35.17,73.89,30.56,10.1,0.48,2,19.86987574,0
2007-05-28,7:59 AM,4,1,Apr-33,33-4 4 1,Chaining (m),429.77,26.29,341.22,39.23,77.62,35.42,12.98,0.24,1,92.4275813,0
2007-05-28,8:01 AM,4,2,33-1*,33-1* 4 2,Spatial Indirect (m),40.65,37.22,89.33,23.16,38.83,4.17,2.4,0.28,2,48.1301731,0
2007-05-28,8:02 AM,4,2,33-2*,33-2* 4 2,Direct swim (m),45.77,20.23,96.27,16.42,42.51,8.33,4.76,0.78,2,16.5692463,0
2007-05-28,8:02 AM,4,2,33-3*,33-3* 4 2,Spatial Indirect (m),80.91,25.93,107.07,25.4,57.36,5.56,4.13,0.26,2,50.39720971,0
2007-05-28,8:04 AM,4,2,Apr-33,33-4 4 2,Direct swim (m),11.8,77.21,78.75,15.76,16.9,3.47,1.02,0.5,3,16.29510336,0
2007-05-28,8:05 AM,4,3,Jan-33,33-1 4 3,Spatial Indirect (m),65.61,53.44,170.46,22.51,60.45,8.33,3.19,0.36,2,104.5698769,0
2007-05-28,8:06 AM,4,3,Feb-33,33-2 4 3,Focal Search (m),95.44,26.01,207.08,14.77,68.83,12.5,7.96,0.78,2,45.43010762,0
2007-05-28,8:07 AM,4,3,Mar-33,33-3 4 3,Chaining (m),1204.34,19.47,440.83,53.62,83.76,25.69,22.64,0.09,1,106.2331866,0
2007-05-28,8:08 AM,4,3,Apr-33,33-4 4 3,Chaining (m),310.44,29.43,317.3,29.52,84.3,25.69,10.78,0.26,1,97.58888788,0
2007-05-28,8:10 AM,4,4,Jan-33,33-1 4 4,Spatial Indirect (m),191.29,33.4,227.8,39.98,55.77,15.28,6.82,0.6,2,87.22563556,0
2007-05-28,8:11 AM,4,4,Feb-33,33-2 4 4,Focal Search (m),202.72,27.86,257.39,31.71,64.71,18.06,9.24,0.7,2,67.38275434,0
2007-05-28,8:13 AM,4,4,Mar-33,33-3 4 4,Scanning (m),2145.92,18.34,1099.45,38.02,87.48,68.75,59.96,0.43,1,98.62662802,0
2007-05-28,8:14 AM,4,4,Apr-33,33-4 4 4,Scanning (m),422.76,27.18,399.27,33.48,78.11,36.11,14.69,0.45,1,11.03336994,0
2007-05-28,8:24 AM,4,1,Jan-35,35-1 4 1,Thigmotaxis (m),3166.87,23.48,1406.69,54.6,90.99,49.31,59.92,0.21,0,77.07282015,0
2007-05-28,8:26 AM,4,1,Feb-35,35-2 4 1,Random Search (m),2755.11,24.06,1442.69,47.5,89.65,62.5,59.95,0.26,0,67.90480233,0
2007-05-28,8:27 AM,4,1,Jan-36,36-1 4 1,Directed Search (m),43.17,43.7,134.17,30.78,32.88,12.5,3.07,0.94,3,12.69300574,0
2007-05-28,8:28 AM,4,1,Feb-36,36-2 4 1,Scanning (m),201.66,26.27,222.22,35.15,63.2,21.53,8.46,0.76,2,29.80464147,0
2007-05-28,8:30 AM,4,2,Jan-35,35-1 4 2,Random Search (m),3130.76,22.94,1375.95,52.41,90.16,70.83,59.97,0.03,0,88.27116803,0
2007-05-28,8:31 AM,4,2,Feb-35,35-2 4 2,Chaining (m),401.39,32.26,353.9,36.91,83.91,31.25,10.97,0.22,1,104.5967173,0
2007-05-28,8:32 AM,4,2,Jan-36,36-1 4 2,Direct swim (m),21.26,92.36,146.85,16.93,20.16,5.56,1.59,0.65,3,15.52365032,0
2007-05-28,8:33 AM,4,2,Feb-36,36-2 4 2,Focal Search (m),114.68,28.05,203.68,16.99,82.15,9.03,7.26,0.3,2,87.16115269,0
2007-05-28,8:35 AM,4,3,35-1*,35-1* 4 3,Random Search (m),1992.12,20.43,852.52,48.38,84.54,56.25,41.72,0.17,0,70.89561445,0
2007-05-28,8:36 AM,4,3,35-2*,35-2* 4 3,Chaining (m),453.98,28.94,300.99,45.5,83.32,31.25,10.4,0.05,0,65.31323441,0
2007-05-28,8:37 AM,4,3,36-1*,36-1* 4 3,Focal Search (m),30.48,33.07,115.4,13.29,57.33,6.25,3.49,0.69,2,28.95860231,0
2007-05-28,8:38 AM,4,3,Feb-36,36-2 4 3,Focal Search (m),37.18,31.78,107.43,16.67,52.3,9.03,3.38,0.6,2,23.97773855,0
2007-05-28,8:40 AM,4,4,Jan-35,35-1 4 4,Chaining (m),1564.97,22.17,826.22,44.74,83.9,61.11,37.26,0.26,1,17.99456167,0
2007-05-28,8:41 AM,4,4,Feb-35,35-2 4 4,Focal Search (m),173.59,33.8,266.65,30.78,73.54,15.97,7.89,0.56,2,94.08935526,0
2007-05-28,8:42 AM,4,4,Jan-36,36-1 4 4,Direct swim (m),46.49,84.86,168.03,34.37,15.65,7.64,1.98,0.95,3,12.3967526,0
2007-05-28,8:43 AM,4,4,Feb-36,36-2 4 4,Spatial Indirect (m),136.42,50.3,191.64,46.9,47.61,14.58,3.81,0.25,2,93.25472712,0
2007-05-28,8:50 AM,4,1,Jan-37,37-1 4 1,Focal Search (m),32.96,60.28,149.49,15.23,59.39,5.56,2.48,0.58,2,54.46279099,0
2007-05-28,8:51 AM,4,1,Feb-37,37-2 4 1,Focal Search (m),89.96,40.5,202.93,19.17,75.1,13.89,5.01,0.25,2,53.62222942,0
2007-05-28,8:52 AM,4,1,Mar-37,37-3 4 1,Focal Search (m),30.97,59.8,152.48,12.94,63.82,6.25,2.55,0.56,2,35.92384236,0
2007-05-28,8:55 AM,4,2,Jan-37,37-1 4 2,Scanning (m),529.62,22.57,392.34,37.05,81.34,34.72,17.38,0.57,0,32.5988054,0
2007-05-28,8:56 AM,4,2,Feb-37,37-2 4 2,Random Search (m),499.77,22.2,375.99,35.91,82.37,34.72,16.94,0.57,1,24.89360053,0
2007-05-28,8:58 AM,4,2,Mar-37,37-3 4 2,Spatial Indirect (m),67.04,40.34,162.97,27.72,61.64,13.89,4.04,0.33,2,32.86000394,0
2007-05-28,9:00 AM,4,3,Jan-37,37-1 4 3,Focal Search (m),74,19.78,118.9,18.47,67.99,6.25,6.01,0.33,2,17.11602848,0
2007-05-28,9:01 AM,4,3,Feb-37,37-2 4 3,Direct swim (m),27.37,42.77,87.25,19.1,24.84,4.86,2.04,0.55,3,38.06320099,0
2007-05-28,9:01 AM,4,3,37-3*,37-3* 4 3,Focal Search (m),42.05,33.47,113.14,17.39,64.78,6.94,3.38,0.54,2,54.01702824,0
2007-05-28,9:04 AM,4,4,Jan-37,37-1 4 4,Direct swim (m),102.47,49.15,184.3,39.22,45.95,11.11,3.75,0.77,2,87.10077707,0
2007-05-28,9:05 AM,4,4,Feb-37,37-2 4 4,Directed Search (m),108.38,35,200.22,29.98,52.91,13.19,5.72,0.85,2,29.3077994,0
2007-05-28,9:06 AM,4,4,Mar-37,37-3 4 4,Direct swim (m),44.27,79.75,173.86,32.74,19.56,11.81,2.18,0.96,3,13.54667371,0
2007-05-29,6:28 AM,5,1,31-Jan,31-1 5 1,Spatial Indirect (m),55.19,45.19,155.9,17.53,75.42,7.64,3.45,0.44,2,107.3467192,0
2007-05-29,6:29 AM,5,1,Feb-31,31-2 5 1,Spatial Indirect (m),45.86,51.03,145.43,18.13,41.1,4.86,2.85,0.43,2,86.41381689,0
2007-05-29,6:30 AM,5,1,Jan-32,32-1 5 1,Direct swim (m),26.13,82.98,136.91,17.4,37.54,4.17,1.65,0.22,2,42.15645831,0
2007-05-29,6:31 AM,5,1,Feb-32,32-2 5 1,Spatial Indirect (m),45.97,54.33,149.96,18.2,60.77,6.94,2.76,0.24,2,56.02558097,0
2007-05-29,6:32 AM,5,2,31-Jan,31-1 5 2,Spatial Indirect (m),132.15,35.28,221.23,29.85,66.18,16.67,6.27,0.62,2,78.50210926,0
2007-05-29,6:33 AM,5,2,Feb-31,31-2 5 2,Spatial Indirect (m),132.3,40.86,198.99,40.71,30.24,12.5,4.87,0.54,2,74.36430395,0
2007-05-29,6:34 AM,5,2,Jan-32,32-1 5 2,Scanning (m),332.05,25.38,321.51,33.39,79.79,21.53,12.67,0.59,0,62.95080827,0
2007-05-29,6:35 AM,5,2,Feb-32,32-2 5 2,Thigmotaxis (m),1305.65,21.71,873.81,35.36,83.8,57.64,40.24,0.41,1,40.63876447,0
2007-05-29,6:37 AM,5,3,31-Jan,31-1 5 3,Focal Search (m),89.87,32.24,168.61,32.54,55.6,13.89,5.23,0.65,2,39.08460731,0
2007-05-29,6:37 AM,5,3,Feb-31,31-2 5 3,Focal Search (m),148.35,18.75,191.77,26.17,63.96,18.06,10.23,0.67,2,62.6020216,0
2007-05-29,6:38 AM,5,3,Jan-32,32-1 5 3,Direct swim (m),113.25,26.81,120.1,46.37,18.55,8.33,4.48,0.8,3,26.87725373,0
2007-05-29,6:40 AM,5,3,Feb-32,32-2 5 3,Random Search (m),1444.56,19.73,752.56,41.09,83.57,46.53,38.15,0.4,1,48.44412024,0
2007-05-29,6:41 AM,5,4,31-Jan,31-1 5 4,Focal Search (m),155.46,23.62,244.5,18.06,83.11,22.92,10.35,0.5,2,64.85283632,0
2007-05-29,6:42 AM,5,4,Feb-31,31-2 5 4,Direct swim (m),38.32,26.59,84.01,19.02,36.26,4.17,3.16,0.67,2,29.61953939,0
2007-05-29,6:43 AM,5,4,Jan-32,32-1 5 4,Spatial Indirect (m),115.09,19.1,115.53,24.09,62.04,10.42,6.05,0.13,2,39.84631425,0
2007-05-29,6:44 AM,5,4,Feb-32,32-2 5 4,Scanning (m),612.66,19.3,405.85,30.92,83.05,28.47,21.03,0.39,1,88.15700072,0
2007-05-29,7:01 AM,5,1,Jan-33,33-1 5 1,Spatial Indirect (m),61.86,28.46,102.19,24.08,54.6,7.64,3.59,0.16,2,43.80160263,0
2007-05-29,7:02 AM,5,1,Feb-33,33-2 5 1,Focal Search (m),124.4,17.91,130.9,22.63,69.43,6.25,7.31,0.63,2,27.93520835,0
2007-05-29,7:03 AM,5,1,33-3*,33-3* 5 1,Scanning (m),310.38,27.24,291.73,31.3,81.62,29.17,10.71,0.29,0,97.0656632,0
2007-05-29,7:03 AM,5,1,Apr-33,33-4 5 1,Direct swim (m),26.23,46.31,82.43,23.11,25.99,4.86,1.78,0.58,3,27.37061516,0
2007-05-29,7:05 AM,5,2,Jan-33,33-1 5 2,Direct swim (m),18.07,64.75,130.79,11.11,39.44,4.86,2.02,0.77,2,32.88608091,0
2007-05-29,7:06 AM,5,2,Feb-33,33-2 5 2,Direct swim (m),23.38,62.1,139.72,13.26,32.24,5.56,2.25,0.83,3,10.8158985,0
2007-05-29,7:07 AM,5,2,Mar-33,33-3 5 2,Spatial Indirect (m),43.88,51.02,152.55,16.55,55.43,5.56,2.99,0.26,2,49.8191391,0
2007-05-29,7:08 AM,5,2,Apr-33,33-4 5 2,Directed Search (m),38.78,43.46,146.02,13.99,60.01,6.25,3.36,0.74,2,33.88805599,0
2007-05-29,7:09 AM,5,3,Jan-33,33-1 5 3,Directed Search (m),105.2,31.32,208.6,26.45,46.88,14.58,6.66,0.97,2,16.0571843,0
2007-05-29,7:10 AM,5,3,Feb-33,33-2 5 3,Directed Search (m),178.74,24.22,244.14,29.08,59.68,13.89,10.08,0.71,2,20.28022182,0
2007-05-29,7:11 AM,5,3,Mar-33,33-3 5 3,Random Search (m),1644.71,20.5,810.37,44.94,84.67,53.47,39.53,0.29,1,40.53085869,0
2007-05-29,7:13 AM,5,3,Apr-33,33-4 5 3,Scanning (m),361.88,24.34,394.61,28.63,77.08,31.94,16.21,0.62,1,31.48155878,0
2007-05-29,7:14 AM,5,4,Jan-33,33-1 5 4,Directed Search (m),119.9,21.98,165.75,28.97,48.61,16.67,7.54,0.86,2,14.29145857,0
2007-05-29,7:15 AM,5,4,Feb-33,33-2 5 4,Directed Search (m),164.64,17.42,171.78,31.07,62.68,15.28,9.86,0.85,2,31.9284893,0
2007-05-29,7:16 AM,5,4,Mar-33,33-3 5 4,Scanning (m),520.46,20.78,322.14,40.84,76.04,30.56,15.5,0.25,0,26.68706057,0
2007-05-29,7:17 AM,5,4,Apr-33,33-4 5 4,Scanning (m),182.96,22.12,184.69,34.28,62.99,17.36,8.35,0.24,2,31.79940852,0
2007-05-29,7:26 AM,5,1,Jan-35,35-1 5 1,Scanning (m),113.8,36.74,154.33,29.39,72.6,8.33,4.2,0.09,2,83.36213841,0
2007-05-29,7:27 AM,5,1,Feb-35,35-2 5 1,Chaining (m),893.83,29.01,698.56,37.77,88.99,48.61,24.08,0.29,1,29.39429199,0
2007-05-29,7:28 AM,5,1,Jan-36,36-1 5 1,Direct swim (m),32.1,32.68,99.36,21.69,48.51,9.72,3.04,0.31,2,28.00782444,0
2007-05-29,7:31 AM,5,1,Feb-36,36-2 5 1,Scanning (m),679.71,16.12,455.48,25.38,89.29,25,28.25,0.38,1,44.71415042,0
2007-05-29,7:33 AM,5,2,Jan-35,35-1 5 2,Random Search (m),1314.76,26.56,926.59,40.31,87.35,61.11,34.89,0.36,1,43.74847817,0
2007-05-29,7:34 AM,5,2,Feb-35,35-2 5 2,Chaining (m),288.02,35.57,346.48,37.43,68.57,23.61,9.74,0.47,2,48.29864638,0
2007-05-29,7:35 AM,5,2,Jan-36,36-1 5 2,Not Recognized (m),229.14,21.83,306.08,24.35,77.87,12.5,14.02,0.79,2,34.09290939,0
2007-05-29,7:36 AM,5,2,Feb-36,36-2 5 2,Directed Search (m),215.65,30.1,244.74,36.29,64.62,16.67,8.13,0.42,2,83.23476399,0
2007-05-29,7:37 AM,5,3,Jan-35,35-1 5 3,Chaining (m),547.32,25.41,449.28,36.28,80.8,36.11,17.68,0.26,1,37.19575358,0
2007-05-29,7:38 AM,5,3,Feb-35,35-2 5 3,Chaining (m),218.22,32.69,265.75,36.46,68.71,26.39,8.13,0.36,2,23.47198767,0
2007-05-29,7:39 AM,5,3,Jan-36,36-1 5 3,Direct swim (m),51.69,41.06,118.65,37.84,14.72,9.03,2.89,0.7,3,13.91387187,0
2007-05-29,7:40 AM,5,3,Feb-36,36-2 5 3,Focal Search (m),104.68,26.46,183.12,27.52,53.06,14.58,6.92,0.96,2,11.44065699,0
2007-05-29,7:41 AM,5,4,Jan-35,35-1 5 4,Spatial Indirect (m),60.6,50.54,161.72,20.78,61.34,7.64,3.2,0.3,2,44.18526571,0
2007-05-29,7:42 AM,5,4,Feb-35,35-2 5 4,Focal Search (m),73.19,39.07,229.35,13.77,73.57,15.97,5.87,0.42,2,26.00847753,0
2007-05-29,7:43 AM,5,4,Jan-36,36-1 5 4,Focal Search (m),162.32,31.38,233.14,23.42,77.69,15.28,7.43,0.38,2,87.09734926,0
2007-05-29,7:44 AM,5,4,Feb-36,36-2 5 4,Direct swim (m),35.52,64.81,138.69,18.22,71.21,5.56,2.14,0.35,2,106.4106877,0
2007-05-29,7:54 AM,5,1,Jan-37,37-1 5 1,Direct swim (m),44.43,40.34,91.57,24.28,56.6,4.86,2.27,0.33,2,87.55730367,0
2007-05-29,7:56 AM,5,1,Feb-37,37-2 5 1,Thigmotaxis (m),1676.71,23.4,1033.91,38.44,89.61,36.11,44.18,0.48,1,16.77398039,0
2007-05-29,7:56 AM,5,1,Mar-37,37-3 5 1,Focal Search (m),50.69,34.82,118.04,18.96,64.98,9.03,3.39,0.14,2,55.90501991,0
2007-05-29,7:59 AM,5,2,Jan-37,37-1 5 2,Direct swim (m),75.69,64.75,174.82,41.44,24.44,9.72,2.7,0.71,3,49.76331479,0
2007-05-29,8:00 AM,5,2,Feb-37,37-2 5 2,Direct swim (m),57.09,59.76,176.9,31.59,20.84,10.42,2.96,0.9,3,11.18488798,0
2007-05-29,8:01 AM,5,2,Mar-37,37-3 5 2,Direct swim (m),71.43,62.81,182.16,37.06,23.21,11.11,2.9,0.77,3,22.67162246,0
2007-05-29,8:03 AM,5,3,Jan-37,37-1 5 3,Focal Search (m),110.48,24.88,172.92,30.16,60.84,13.19,6.95,0.82,2,44.70614232,0
2007-05-29,8:04 AM,5,3,Feb-37,37-2 5 3,Directed Search (m),112.93,27.66,157.38,34.51,58.6,12.5,5.69,0.83,2,20.5256539,0
2007-05-29,8:05 AM,5,3,Mar-37,37-3 5 3,Scanning (m),771.8,20.28,330.78,54.82,80.36,23.61,16.31,0.43,1,57.38682009,0
2007-05-29,8:09 AM,5,4,Jan-37,37-1 5 4,Direct swim (m),26.01,69.38,136.67,15.4,32.1,4.17,1.97,0.62,3,35.75143486,0
2007-05-29,8:11 AM,5,4,Feb-37,37-2 5 4,Spatial Indirect (m),43.98,44.67,164.85,13.57,60.58,9.72,3.69,0.79,2,21.36981987,0
2007-05-29,8:11 AM,5,4,Mar-37,37-3 5 4,Spatial Indirect (m),52.37,49.93,155.77,17.85,69.95,9.03,3.12,0.3,2,114.2951295,0
2007-05-30,6:42 AM,6,1,31-Jan,31-1 6 1,Focal Search (m),120.55,40.39,220.95,32.08,48.56,13.19,5.47,0.93,2,12.74698567,0
2007-05-30,6:43 AM,6,1,Feb-31,31-2 6 1,Thigmotaxis (m),2295.48,19.22,1152.9,40.31,91.5,52.78,59.97,0.32,0,37.681009,0
2007-05-30,6:45 AM,6,1,Jan-32,32-1 6 1,Scanning (m),912.52,24.88,704.63,35.6,84.42,43.75,28.32,0.4,1,89.35386454,0
2007-05-30,6:46 AM,6,1,Feb-32,32-2 6 1,Chaining (m),507.65,30.21,438.62,40.12,75.64,33.33,14.52,0.54,1,26.77234665,0
2007-05-30,6:48 AM,6,2,31-Jan,31-1 6 2,Direct swim (m),72.9,31.53,125.48,36.97,29.41,11.11,3.98,0.44,3,16.89603069,0
2007-05-30,6:50 AM,6,2,Feb-31,31-2 6 2,Scanning (m),653.07,19.31,451.35,33.74,75.3,38.19,23.37,0.68,2,55.74754165,0
2007-05-30,6:50 AM,6,2,Jan-32,32-1 6 2,Direct swim (m),106.44,29.48,120.86,46,21.92,8.33,4.1,0.45,3,47.14392462,0
2007-05-30,6:52 AM,6,2,Feb-32,32-2 6 2,Thigmotaxis (m),1869.16,21.46,1140.91,37.41,85.35,47.22,53.16,0.41,1,29.90554134,0
2007-05-30,6:54 AM,6,3,31-Jan,31-1 6 3,Direct swim (m),31.62,36.54,85.13,21.86,32.14,5.56,2.33,0.4,3,47.0062491,0
2007-05-30,6:55 AM,6,3,Feb-31,31-2 6 3,Focal Search (m),110.92,17.4,118.35,22.01,68.59,8.33,6.8,0.49,2,114.4175618,0
2007-05-30,6:55 AM,6,3,Jan-32,32-1 6 3,Focal Search (m),82.67,25.14,132.76,21.1,63.34,10.42,5.28,0.5,2,67.45980608,0
2007-05-30,6:57 AM,6,3,Feb-32,32-2 6 3,Focal Search (m),368.56,19.87,294.31,26.63,79.66,16.67,14.81,0.3,0,58.31282664,0
2007-05-30,6:58 AM,6,4,31-Jan,31-1 6 4,Focal Search (m),30.2,44.5,149.96,10.77,61.8,6.94,3.37,0.69,2,10.91870622,0
2007-05-30,6:59 AM,6,4,Feb-31,31-2 6 4,Direct swim (m),40.25,40.74,134.04,14.17,36.12,6.25,3.29,0.38,2,24.89424559,0
2007-05-30,7:00 AM,6,4,Jan-32,32-1 6 4,Spatial Indirect (m),51.21,39.12,164.28,13.52,64.48,6.94,4.2,0.67,2,23.35138394,0
2007-05-30,7:01 AM,6,4,Feb-32,32-2 6 4,Spatial Indirect (m),221.59,29.99,259.73,26.31,79.08,25.69,8.66,0.3,2,38.96493995,0
2007-05-30,7:12 AM,6,1,Jan-33,33-1 6 1,Focal Search (m),83.86,29.8,194.62,14.47,72.22,11.81,6.53,0.82,2,15.10058682,0
2007-05-30,7:13 AM,6,1,Feb-33,33-2 6 1,Spatial Indirect (m),69.99,46.23,158.11,22.89,61.53,6.25,3.42,0.25,2,67.23497801,0
2007-05-30,7:14 AM,6,1,Mar-33,33-3 6 1,Direct swim (m),35.45,71.88,148.8,20.52,36.02,6.94,2.07,0.55,2,41.49686365,0
2007-05-30,7:15 AM,6,1,Apr-33,33-4 6 1,Focal Search (m),130.06,31.77,219.23,20.79,69.67,11.81,6.9,0.44,2,29.57090021,0
2007-05-30,7:17 AM,6,2,Jan-33,33-1 6 2,Thigmotaxis (m),1755.57,19.39,1000.94,34.72,86.5,50.69,51.63,0.35,0,11.80213755,0
2007-05-30,7:18 AM,6,2,Feb-33,33-2 6 2,Directed Search (m),82.57,24.11,94.5,25.3,62.42,5.56,3.92,0.34,2,78.50988475,0
2007-05-30,7:19 AM,6,2,Mar-33,33-3 6 2,Scanning (m),476.58,22.47,312.62,37.06,80.7,29.86,13.91,0.18,0,88.7990632,0
2007-05-30,7:20 AM,6,2,Apr-33,33-4 6 2,Direct swim (m),32.97,37.4,79.28,24.88,19.44,5.56,2.12,0.7,3,30.24978446,0
2007-05-30,7:22 AM,6,3,Jan-33,33-1 6 3,Thigmotaxis (m),1320.21,22.01,641.11,48.52,75.3,50,29.13,0.24,0,31.88573285,0
2007-05-30,7:23 AM,6,3,Feb-33,33-2 6 3,Directed Search (m),119,36.98,181.56,37.57,29.75,9.72,4.91,0.84,3,12.91511907,0
2007-05-30,7:24 AM,6,3,Mar-33,33-3 6 3,Scanning (m),896.44,22.65,577.45,38.98,81.78,48.61,25.49,0.39,1,102.1828714,0
2007-05-30,7:25 AM,6,3,Apr-33,33-4 6 3,Spatial Indirect (m),207.69,28.94,207.77,39.51,46.64,12.5,7.18,0.81,2,43.4118236,0
2007-05-30,7:27 AM,6,4,Jan-33,33-1 6 4,Spatial Indirect (m),267.41,18.9,152.91,49.33,52.43,11.81,8.09,0.54,2,20.02788304,0
2007-05-30,7:28 AM,6,4,Feb-33,33-2 6 4,Directed Search (m),117.04,25.69,152.09,35.48,42.05,11.11,5.92,0.61,2,33.41001337,0
2007-05-30,7:30 AM,6,4,Mar-33,33-3 6 4,Scanning (m),1024.37,19.61,611.31,36.97,81.14,57.64,31.18,0.46,1,11.03376666,0
2007-05-30,7:31 AM,6,4,Apr-33,33-4 6 4,Focal Search (m),164.99,22.01,242.77,24.56,70.21,19.44,11.03,0.68,2,5.32081005,0
2007-05-30,7:40 AM,6,1,Jan-35,35-1 6 1,Random Search (m),260.14,35.7,303.12,39.21,68.04,25,8.49,0.42,2,69.93737693,0
2007-05-30,7:41 AM,6,1,Feb-35,35-2 6 1,Spatial Indirect (m),129.88,49.91,217.1,41.3,51.35,15.97,4.35,0.58,2,16.92380842,0
2007-05-30,7:42 AM,6,1,Jan-36,36-1 6 1,Chaining (m),464.16,28.45,400.31,38.58,82.56,34.03,14.07,0.38,1,18.73064878,0
2007-05-30,7:43 AM,6,1,Feb-36,36-2 6 1,Direct swim (m),118.3,51.54,187.61,46.05,41.87,10.42,3.64,0.84,2,95.33096111,0
2007-05-30,7:45 AM,6,2,Jan-35,35-1 6 2,Scanning (m),377.54,19.33,297.89,33.15,75.48,25,15.41,0.26,0,79.37839438,0
2007-05-30,7:45 AM,6,2,Feb-35,35-2 6 2,Scanning (m),161.76,26.85,217.77,30.79,68.98,19.44,8.11,0.33,2,36.42355916,0
2007-05-30,7:47 AM,6,2,Jan-36,36-1 6 2,Random Search (m),1809.19,21.32,1278.98,32.13,93.14,62.5,59.99,0.52,1,10.9962055,0
2007-05-30,7:49 AM,6,2,Feb-36,36-2 6 2,Scanning (m),274.07,21.01,253.62,32.28,69.73,15.28,12.07,0.71,2,40.58555,0
2007-05-30,7:50 AM,6,3,Jan-35,35-1 6 3,Focal Search (m),52.18,48.38,151.9,18.4,66.21,4.17,3.14,0.18,2,78.06439456,0
2007-05-30,7:51 AM,6,3,Feb-35,35-2 6 3,Spatial Indirect (m),46.98,55.26,153.08,18.96,55.82,5.56,2.77,0.41,2,73.23186075,0
2007-05-30,7:52 AM,6,3,Jan-36,36-1 6 3,Focal Search (m),30.28,45.87,141.29,11.29,63.28,5.56,3.08,0.75,2,33.93455964,0
2007-05-30,7:53 AM,6,3,Feb-36,36-2 6 3,Focal Search (m),79.16,32.24,178.3,17.06,60.83,8.33,5.53,0.61,2,21.50715923,0
2007-05-30,7:55 AM,6,4,Jan-35,35-1 6 4,Scanning (m),877.07,20.32,601.89,30.61,88.67,56.94,29.62,0.26,1,94.61484868,0
2007-05-30,7:56 AM,6,4,Feb-35,35-2 6 4,Direct swim (m),31.32,42.51,80.34,24.94,23.66,4.86,1.89,0.75,3,20.57027754,0
2007-05-30,7:57 AM,6,4,Jan-36,36-1 6 4,Direct swim (m),21.94,39.02,79.59,16.32,37.75,4.17,2.04,0.68,2,18.30394254,0
2007-05-30,7:58 AM,6,4,Feb-36,36-2 6 4,Direct swim (m),27.32,44.65,77.7,24.24,18.68,4.86,1.74,0.58,3,18.886498,0
2007-05-30,8:06 AM,6,1,Jan-37,37-1 6 1,Direct swim (m),59.68,58.91,184.38,32.16,34.51,10.42,3.13,0.79,3,11.96852187,0
2007-05-30,8:07 AM,6,1,Feb-37,37-2 6 1,Directed Search (m),121.29,35.24,211.09,30.96,53.3,15.28,5.99,0.7,2,23.72306354,0
2007-05-30,8:07 AM,6,1,Mar-37,37-3 6 1,Chaining (m),407.17,31.53,341.83,42.85,76.2,29.86,10.84,0.24,0,39.33299726,0
2007-05-30,8:10 AM,6,2,Jan-37,37-1 6 2,Directed Search (m),32.92,36.31,94.03,19.95,52.42,6.25,2.59,0.63,2,32.87134436,0
2007-05-30,8:11 AM,6,2,37-2*,37-2* 6 2,Focal Search (m),148.14,15.71,148.76,18.78,75.17,10.42,9.47,0.49,2,136.7936809,0
2007-05-30,8:12 AM,6,2,Mar-37,37-3 6 2,Direct swim (m),20.52,61,79.92,22.9,22.95,3.47,1.31,0.57,3,26.25676162,0
2007-05-30,8:15 AM,6,3,Jan-37,37-1 6 3,Focal Search (m),137.23,24.96,233.66,16.41,81,12.5,9.36,0.52,2,55.2757451,0
2007-05-30,8:16 AM,6,3,Feb-37,37-2 6 3,Direct swim (m),22.23,68.66,141.43,13.49,25.98,5.56,2.06,0.59,3,27.53651302,0
2007-05-30,8:17 AM,6,3,Mar-37,37-3 6 3,Direct swim (m),19.25,69.75,130.44,11.77,29.22,4.17,1.87,0.9,3,17.91457021,0
2007-05-30,8:20 AM,6,4,Jan-37,37-1 6 4,Scanning (m),686.4,20.9,530.35,31.82,83.14,44.44,25.37,0.65,1,33.04852137,0
2007-05-30,8:21 AM,6,4,Feb-37,37-2 6 4,Focal Search (m),84.96,21.53,164.67,26.17,56.23,14.58,7.65,0.69,2,25.73798763,0
2007-05-30,8:22 AM,6,4,Mar-37,37-3 6 4,Focal Search (m),199.81,19.12,205.87,30.15,70.81,11.81,10.77,0.61,2,64.40861919,0
2007-05-31,10:23 AM,7,1,31-Jan,31-1 7 1,Directed Search (m),102.7,31.66,172.25,34.04,49.07,13.89,5.44,0.79,2,19.31756332,0
2007-05-31,10:24 AM,7,1,Feb-31,31-2 7 1,Focal Search (m),179.92,22.88,202.29,32.79,66.16,18.06,8.84,0.59,2,70.87090776,0
2007-05-31,10:25 AM,7,1,Jan-32,32-1 7 1,Spatial Indirect (m),142.34,29.29,156.41,41.48,47.58,15.97,5.34,0.29,2,42.72342993,0
2007-05-31,10:26 AM,7,1,Feb-32,32-2 7 1,Spatial Indirect (m),123.24,30.33,174.1,34.46,50.54,16.67,5.74,0.76,2,27.90255783,0
2007-05-31,10:27 AM,7,2,31-Jan,31-1 7 2,Focal Search (m),52.76,23.97,120.82,15.24,52.06,8.33,5.04,0.87,2,17.3378322,0
2007-05-31,10:28 AM,7,2,Feb-31,31-2 7 2,Focal Search (m),135.61,21.17,184.15,19.37,79.77,17.36,8.7,0.69,2,30.77678203,0
2007-05-31,10:29 AM,7,2,Jan-32,32-1 7 2,Spatial Indirect (m),162.85,23.88,168.84,27.7,70.13,16.67,7.07,0.28,2,85.93858756,0
2007-05-31,10:30 AM,7,2,Feb-32,32-2 7 2,Directed Search (m),42.38,29.43,116.55,15.72,56.95,7.64,3.96,0.68,2,22.43429143,0
2007-05-31,10:31 AM,7,3,31-Jan,31-1 7 3,Focal Search (m),64.35,31.4,146.31,15.79,52.36,5.56,4.66,0.52,2,22.06811536,0
2007-05-31,10:32 AM,7,3,Feb-31,31-2 7 3,Focal Search (m),118.26,24.52,194.45,17.36,70.03,6.94,7.93,0.28,2,36.25993175,0
2007-05-31,10:33 AM,7,3,Jan-32,32-1 7 3,Direct swim (m),36,57.17,146.92,15.85,57.93,5.56,2.57,0.26,2,54.93439385,0
2007-05-31,10:34 AM,7,3,Feb-32,32-2 7 3,Scanning (m),126.14,28.82,207.24,19.1,78.97,15.28,7.19,0.4,2,12.98610482,0
2007-05-31,10:36 AM,7,4,31-Jan,31-1 7 4,Direct swim (m),69.5,68.91,181.24,38.97,18.23,9.03,2.63,0.96,3,11.34089888,0
2007-05-31,10:37 AM,7,4,Feb-31,31-2 7 4,Spatial Indirect (m),174.98,32.67,210.1,38.72,53.05,13.89,6.43,0.35,2,24.64722003,0
2007-05-31,10:38 AM,7,4,Jan-32,32-1 7 4,Direct swim (m),110.79,40.59,193.2,36.49,37.84,13.89,4.76,0.47,2,40.14644422,0
2007-05-31,10:39 AM,7,4,Feb-32,32-2 7 4,Directed Search (m),58.57,45.4,177.5,27.25,39.79,9.72,3.91,0.95,2,9.484151166,0
2007-05-31,10:48 AM,7,1,Jan-33,33-1 7 1,Directed Search (m),109.37,27.2,184.67,29.22,58.24,13.89,6.79,0.84,2,66.99435709,0
2007-05-31,10:49 AM,7,1,Feb-33,33-2 7 1,Scanning (m),309.61,19.91,390.13,22.37,80.84,27.08,19.59,0.83,2,32.9317578,0
2007-05-31,10:50 AM,7,1,Mar-33,33-3 7 1,Scanning (m),194.74,21.16,198.07,33.68,62.77,16.67,9.36,0.89,2,17.44630236,0
2007-05-31,10:51 AM,7,1,Apr-33,33-4 7 1,Direct swim (m),48.87,39.02,126.43,33.91,22.5,9.03,3.24,0.91,3,12.0056236,0
2007-05-31,10:52 AM,7,2,Jan-33,33-1 7 2,Direct swim (m),17.43,86.01,125.57,13.71,34.38,4.17,1.46,0.38,3,35.83971522,0
2007-05-31,10:53 AM,7,2,Feb-33,33-2 7 2,Focal Search (m),105.48,29.22,220.87,15.18,81.14,13.89,7.56,0.62,2,14.57744872,0
2007-05-31,10:54 AM,7,2,Mar-33,33-3 7 2,Direct swim (m),23.04,64.86,138.15,12.83,60.91,5.56,2.13,0.39,2,42.47769807,0
2007-05-31,10:55 AM,7,2,Apr-33,33-4 7 2,Spatial Indirect (m),42.03,65.37,149.03,20.46,45.57,6.25,2.28,0.29,2,75.20654631,0
2007-05-31,10:57 AM,7,3,Jan-33,33-1 7 3,Direct swim (m),35.45,25.21,79.4,19.19,13.14,4.86,3.15,0.76,3,18.41527277,0
2007-05-31,10:57 AM,7,3,Feb-33,33-2 7 3,Direct swim (m),35.2,40.2,79.19,24.41,32.14,4.17,1.97,0.52,3,43.31410742,0
2007-05-31,10:58 AM,7,3,Mar-33,33-3 7 3,Direct swim (m),31.59,32.41,88.8,18.68,36.29,4.86,2.74,0.38,2,44.60246768,0
2007-05-31,10:59 AM,7,3,Apr-33,33-4 7 3,Direct swim (m),30.77,45.89,81.23,25.9,27.02,4.17,1.77,0.37,3,35.89360351,0
2007-05-31,11:01 AM,7,4,Jan-33,33-1 7 4,Scanning (m),410.43,24.62,359,34.59,71.59,28.47,14.58,0.52,0,120.2663784,0
2007-05-31,11:02 AM,7,4,Feb-33,33-2 7 4,Direct swim (m),97.12,35.01,197.09,28.78,37.81,13.89,5.63,0.9,2,11.35921056,0
2007-05-31,11:03 AM,7,4,Mar-33,33-3 7 4,Scanning (m),255.66,22.99,255.14,31.57,57.04,20.14,11.1,0.79,2,35.5105414,0
2007-05-31,11:04 AM,7,4,Apr-33,33-4 7 4,Scanning (m),395.66,23.82,415.44,27.96,75.73,34.03,17.44,0.66,2,16.10748906,0
2007-05-31,11:14 AM,7,1,Jan-35,35-1 7 1,Scanning (m),197.26,33.92,287,24.13,81.3,18.06,8.46,0.15,2,87.66234775,0
2007-05-31,11:15 AM,7,1,Feb-35,35-2 7 1,Direct swim (m),27.56,71.1,132.96,15.84,55.03,4.17,1.87,0.4,2,82.29748884,0
2007-05-31,11:16 AM,7,1,Jan-36,36-1 7 1,Spatial Indirect (m),83.9,41.9,156.71,23.94,73.97,9.72,3.74,0.41,2,139.0134623,0
2007-05-31,11:17 AM,7,1,Feb-36,36-2 7 1,Spatial Indirect (m),104.7,38.76,201.58,21.63,66.63,9.72,5.2,0.17,2,53.84358053,0
2007-05-31,11:19 AM,7,2,Jan-35,35-1 7 2,Random Search (m),371.22,25.73,251.41,48,71.21,18.06,9.77,0.17,1,89.8997975,0
2007-05-31,11:20 AM,7,2,Feb-35,35-2 7 2,Focal Search (m),63.41,36.48,162.68,30.21,54.43,13.89,4.46,0.54,2,22.59891601,0
2007-05-31,11:21 AM,7,2,Jan-36,36-1 7 2,Direct swim (m),55.74,36.86,124.22,36.88,20.2,8.33,3.37,0.66,3,36.52103164,0
2007-05-31,11:22 AM,7,2,Feb-36,36-2 7 2,Focal Search (m),78.79,26.12,163.01,27,55.93,15.28,6.24,0.86,2,24.71142224,0
2007-05-31,11:24 AM,7,3,Jan-35,35-1 7 3,Scanning (m),236.5,22.89,201.88,29.28,78.06,17.36,8.82,0.24,2,104.3545619,0
2007-05-31,11:24 AM,7,3,Feb-35,35-2 7 3,Direct swim (m),22.7,55.42,80.36,23.73,21.17,4.86,1.45,0.94,3,14.61890292,0
2007-05-31,11:26 AM,7,3,Jan-36,36-1 7 3,Focal Search (m),51.75,22,100.77,17.69,48.93,6.25,4.58,0.98,2,19.95336244,0
2007-05-31,11:27 AM,7,3,Feb-36,36-2 7 3,Focal Search (m),55.45,24.83,148.22,14.61,69.33,14.58,5.97,0.72,2,29.2185354,0
2007-05-31,11:29 AM,7,4,Jan-35,35-1 7 4,Spatial Indirect (m),211.06,32.21,207.73,42.57,52.3,13.19,6.45,0.36,2,62.01764881,0
2007-05-31,11:30 AM,7,4,Feb-35,35-2 7 4,Directed Search (m),119.3,36.95,231.28,28.85,56.68,18.75,6.26,0.83,2,26.29304404,0
2007-05-31,11:31 AM,7,4,Jan-36,36-1 7 4,Scanning (m),378.43,29.59,439.44,31.09,78.55,38.89,14.85,0.71,2,9.976504128,0
2007-05-31,11:32 AM,7,4,Feb-36,36-2 7 4,Focal Search (m),156.02,30.65,240.62,29.55,53.28,15.28,7.85,0.82,2,34.71364443,0
2007-05-31,11:41 AM,7,1,Jan-37,37-1 7 1,Focal Search (m),92.01,23.66,158.76,28.96,55.99,11.81,6.71,0.85,2,55.22929118,0
2007-05-31,11:42 AM,7,1,Feb-37,37-2 7 1,Chaining (m),1401.15,19.69,913.57,32.78,88.29,39.58,46.4,0.57,0,42.69025584,0
2007-05-31,11:43 AM,7,1,Mar-37,37-3 7 1,Random Search (m),428.29,23.63,345.16,36.21,76.47,18.75,14.61,0.43,0,25.91189946,0
2007-05-31,11:46 AM,7,2,Jan-37,37-1 7 2,Direct swim (m),22.95,75.18,137.59,15.09,34.36,4.86,1.83,0.5,3,34.84228798,0
2007-05-31,11:47 AM,7,2,Feb-37,37-2 7 2,Direct swim (m),21.9,66.82,130.96,13.36,44.45,4.17,1.96,0.76,2,23.9977586,0
2007-05-31,11:48 AM,7,2,Mar-37,37-3 7 2,Spatial Indirect (m),94.23,32.81,204.4,17.62,77.9,12.5,6.23,0.42,2,111.8120412,0
2007-05-31,11:50 AM,7,3,Jan-37,37-1 7 3,Scanning (m),132.15,27.56,252.43,23.82,66.31,16.67,9.16,0.9,2,25.67873232,0
2007-05-31,11:51 AM,7,3,Feb-37,37-2 7 3,Spatial Indirect (m),229.93,26.9,231.63,37.18,48.86,17.36,8.61,0.5,2,20.65999568,0
2007-05-31,11:52 AM,7,3,Mar-37,37-3 7 3,Focal Search (m),107.73,31.48,233.25,22.8,60.84,15.28,7.41,0.83,2,2.92924848,0
2007-05-31,11:55 AM,7,4,Jan-37,37-1 7 4,Scanning (m),424.75,21.24,334.31,28.96,83.25,27.08,15.74,0.17,0,57.18562595,0
2007-05-31,11:56 AM,7,4,Feb-37,37-2 7 4,Direct swim (m),46.47,28.17,85.63,23.32,28.93,4.86,3.04,0.5,3,15.64418322,0
2007-05-31,11:56 AM,7,4,Mar-37,37-3 7 4,Direct swim (m),35.74,39.52,90.5,22.9,40.81,6.25,2.29,0.46,2,36.37514395,0
2007-06-01,10:26 AM,8,1,31-Jan,31-1 8 1,Direct swim (m),3.67,68.39,83.43,2.79,59.64,0.69,1.22,0,2,46.40094138,0
2007-06-01,10:29 AM,8,1,Feb-31,31-2 8 1,Direct swim (m),46.35,30.12,83.12,25.09,24.2,5.56,2.76,0.76,3,33.25501574,0
2007-06-01,10:30 AM,8,1,Jan-32,32-1 8 1,Direct swim (m),26.61,46.58,87.11,20.03,28.36,3.47,1.87,0.45,3,33.61172378,0
2007-06-01,10:31 AM,8,1,Feb-32,32-2 8 1,Direct swim (m),32.9,41.69,90.04,20.7,42.79,5.56,2.16,0.48,2,49.19717559,0
2007-06-01,10:32 AM,8,2,31-Jan,31-1 8 2,Focal Search (m),67.55,37.58,186.39,15.35,69.33,6.94,4.96,0.45,2,28.62295744,0
2007-06-01,10:33 AM,8,2,Feb-31,31-2 8 2,Direct swim (m),19.71,68.72,127.13,12.73,21.78,4.17,1.85,0.85,3,12.17656163,0
2007-06-01,10:34 AM,8,2,Jan-32,32-1 8 2,Spatial Indirect (m),54.51,59.44,153.36,21.58,71.52,8.33,2.58,0.15,2,121.6880203,0
2007-06-01,10:35 AM,8,2,Feb-32,32-2 8 2,Direct swim (m),12.33,85.74,122.61,10.56,34.21,3.47,1.43,0.88,3,10.96873149,0
2007-06-01,10:36 AM,8,3,31-Jan,31-1 8 3,Focal Search (m),172.95,30,265.2,27.28,63.35,20.14,8.84,0.88,2,21.89478821,0
2007-06-01,10:37 AM,8,3,Feb-31,31-2 8 3,Chaining (m),185.16,44.77,222.5,46.88,52.77,15.97,4.97,0.22,2,73.66766405,0
2007-06-01,10:38 AM,8,3,Jan-32,32-1 8 3,Focal Search (m),123.76,42.83,179.9,42.38,23.97,10.42,4.2,0.91,3,31.23215246,0
2007-06-01,10:39 AM,8,3,Feb-32,32-2 8 3,Spatial Indirect (m),154.88,31.35,232.96,29.54,64.28,15.97,7.43,0.74,2,20.85922184,0
2007-06-01,10:42 AM,8,4,Feb-31,31-2 8 4,Focal Search (m),77.51,27.95,162.65,28.63,49.21,14.58,5.82,0.8,2,21.93153126,0
2007-06-01,10:43 AM,8,4,Jan-32,32-1 8 4,Direct swim (m),88.43,35.23,124.35,45.6,25.46,9.03,3.53,0.59,3,65.86082991,0
2007-06-01,10:44 AM,8,4,Feb-32,32-2 8 4,Spatial Indirect (m),175.72,22.12,179.87,36.49,61.46,15.28,8.13,0.75,2,82.84811743,0
2007-06-01,10:55 AM,8,1,Jan-33,33-1 8 1,Direct swim (m),43.94,33.18,84.61,25.14,39.56,6.25,2.55,0.78,2,77.96994669,0
2007-06-01,10:56 AM,8,1,Feb-33,33-2 8 1,Direct swim (m),39.28,36.22,89.82,23.77,35.17,4.86,2.48,0.35,2,44.14710306,0
2007-06-01,10:56 AM,8,1,Mar-33,33-3 8 1,Spatial Indirect (m),105.24,22.9,114.73,27.83,58.65,5.56,5.01,0.37,2,63.999355,0
2007-06-01,10:57 AM,8,1,Apr-33,33-4 8 1,Spatial Indirect (m),62.45,32.69,98.07,27.73,56.29,6.25,3,0.29,2,59.83358871,0
2007-06-01,10:59 AM,8,2,Jan-33,33-1 8 2,Chaining (m),686.55,26.05,559.8,36.1,77.69,40.97,21.49,0.67,2,11.03645464,0
2007-06-01,11:00 AM,8,2,Feb-33,33-2 8 2,Direct swim (m),53.01,66.44,165.43,33.45,20.82,8.33,2.49,0.85,3,14.52766737,0
2007-06-01,11:01 AM,8,2,Mar-33,33-3 8 2,Random Search (m),503.55,21.4,385.23,34.97,71.03,35.42,18,0.65,2,25.99393372,0
2007-06-01,11:02 AM,8,2,Apr-33,33-4 8 2,Direct swim (m),81.53,52.59,188.78,37.95,23.78,12.5,3.59,0.78,3,20.4126671,0
2007-06-01,11:03 AM,8,3,Jan-33,33-1 8 3,Spatial Indirect (m),123.78,19.37,155.94,30.4,55.07,15.28,8.05,0.23,2,25.53656872,0
2007-06-01,11:04 AM,8,3,Feb-33,33-2 8 3,Direct swim (m),75.53,38.2,141.35,39.08,31.49,11.81,3.7,0.53,3,24.99079259,0
2007-06-01,11:05 AM,8,3,Mar-33,33-3 8 3,Random Search (m),414.53,20.72,251.13,43.89,64.17,29.17,12.12,0.33,0,15.35924253,0
2007-06-01,11:06 AM,8,3,Apr-33,33-4 8 3,Focal Search (m),91.32,27.77,154.1,32.97,49.55,12.5,5.55,0.79,2,25.14561617,0
2007-06-01,11:07 AM,8,4,Jan-33,33-1 8 4,Direct swim (m),28.87,38.15,134.29,9.26,68.84,6.25,3.52,0.51,2,27.49281176,0
2007-06-01,11:07 AM,8,4,Feb-33,33-2 8 4,Direct swim (m),45.23,56.74,139.02,20.61,45.6,4.86,2.45,0.42,2,58.91813083,0
2007-06-01,11:08 AM,8,4,Mar-33,33-3 8 4,Chaining (m),558.74,25.74,367.6,39.6,81.36,31.25,14.28,0.06,0,103.2578162,0
2007-06-01,11:09 AM,8,4,Apr-33,33-4 8 4,Direct swim (m),58.58,31.67,144.08,30.77,48.9,11.81,4.55,0.72,2,35.84420896,0
2007-06-01,11:29 AM,8,1,Jan-35,35-1 8 1,Scanning (m),94.17,27.93,129.05,24.8,70.45,7.64,4.62,0.4,2,109.8655466,0
2007-06-01,11:30 AM,8,1,Feb-35,35-2 8 1,Direct swim (m),18.17,52.92,80.96,20.83,23.07,4.86,1.53,0.76,3,13.45752711,0
2007-06-01,11:31 AM,8,1,Jan-36,36-1 8 1,Direct swim (m),19.11,55.77,80.31,19.22,21.44,4.17,1.44,0.75,3,15.9854269,0
2007-06-01,11:32 AM,8,1,Feb-36,36-2 8 1,Direct swim (m),23.8,47.8,82.69,20.43,17.43,4.86,1.73,0.79,3,16.48126943,0
2007-06-01,11:34 AM,8,2,Jan-35,35-1 8 2,Focal Search (m),144.38,37.61,229.05,34.83,51.12,15.28,6.09,0.82,2,41.95498411,0
2007-06-01,11:35 AM,8,2,Feb-35,35-2 8 2,Directed Search (m),207.38,40.01,265.69,38.94,59.98,20.83,6.64,0.31,2,84.26291158,0
2007-06-01,11:35 AM,8,2,Jan-36,36-1 8 2,Focal Search (m),158.63,32.73,245.84,31.19,59.1,16.67,7.51,0.87,2,27.76297612,0
2007-06-01,11:36 AM,8,2,Feb-36,36-2 8 2,Direct swim (m),91.65,52.21,184.82,38.32,27.22,10.42,3.54,0.89,3,17.74205302,0
2007-06-01,11:38 AM,8,3,Jan-35,35-1 8 3,Spatial Indirect (m),153.85,27,170.11,37.29,57.81,13.89,6.3,0.55,2,65.94241124,0
2007-06-01,11:38 AM,8,3,Feb-35,35-2 8 3,Spatial Indirect (m),103.4,34.16,175.25,34.43,49.04,15.28,5.13,0.7,2,21.54138317,0
2007-06-01,11:39 AM,8,3,Jan-36,36-1 8 3,Direct swim (m),56.07,33.6,119.6,34.68,17.02,9.03,3.56,0.73,3,21.01003829,0
2007-06-01,11:40 AM,8,3,Feb-36,36-2 8 3,Spatial Indirect (m),97.51,35.28,155.95,38.41,49.74,11.81,4.42,0.23,2,27.02890654,0
2007-06-01,11:42 AM,8,4,Jan-35,35-1 8 4,Scanning (m),219.08,36.44,264.58,31.02,78.23,20.83,7.26,0.03,2,89.89059235,0
2007-06-01,11:43 AM,8,4,Feb-35,35-2 8 4,Spatial Indirect (m),38.28,68.53,161.73,16.89,68.15,8.33,2.36,0.28,2,79.87922295,0
2007-06-01,11:44 AM,8,4,36-1*,36-1* 8 4,Scanning (m),153.16,30.05,223.28,21.81,87.36,13.89,7.43,0.21,2,115.6689319,0
2007-06-01,11:44 AM,8,4,Feb-36,36-2 8 4,Focal Search (m),50.44,49.19,175.61,15.17,77.72,8.33,3.57,0.68,2,55.05322971,0
2007-06-01,11:54 AM,8,1,Jan-37,37-1 8 1,Direct swim (m),13.79,89.77,138.25,11.73,47.65,4.17,1.54,0.82,2,16.86012229,0
2007-06-01,11:55 AM,8,1,Feb-37,37-2 8 1,Direct swim (m),45.3,48.01,152.66,17.34,46.56,6.25,3.18,0.21,2,39.42767871,0
2007-06-01,11:55 AM,8,1,Mar-37,37-3 8 1,Direct swim (m),9.55,98.59,117.32,8.58,63.37,2.78,1.19,0.46,2,54.05976485,0
2007-06-01,11:57 AM,8,2,Jan-37,37-1 8 2,Directed Search (m),68.91,49.05,182.95,30.57,41.33,9.72,3.73,0.85,2,17.33267426,0
2007-06-01,11:58 AM,8,2,Feb-37,37-2 8 2,Directed Search (m),154.65,31.05,210.84,33.56,49.07,12.5,6.79,0.96,2,19.54452503,0
2007-06-01,11:59 AM,8,2,Mar-37,37-3 8 2,Directed Search (m),123.06,34.28,227.3,28.69,53.53,15.28,6.63,0.84,2,24.36069536,0
2007-06-01,12:02 PM,8,3,Jan-37,37-1 8 3,Scanning (m),299.06,25.4,335.74,29.47,78.94,30.56,13.22,0.54,2,49.16439022,0
2007-06-01,12:03 PM,8,3,Feb-37,37-2 8 3,Spatial Indirect (m),100.84,25.45,134.4,36.29,32.51,10.42,5.28,0.91,3,6.226211099,0
2007-06-01,12:04 PM,8,3,Mar-37,37-3 8 3,Spatial Indirect (m),108.8,26.79,165.57,30.17,49.91,15.28,6.18,0.68,2,26.9678627,0
2007-06-01,12:07 PM,8,4,Jan-37,37-1 8 4,Focal Search (m),70.24,28.41,143.76,19.59,64.85,11.81,5.06,0.5,2,33.96938562,0
2007-06-01,12:08 PM,8,4,Feb-37,37-2 8 4,Focal Search (m),63.83,20.23,148.26,13.6,74.17,10.42,7.33,0.8,2,20.55002359,0
2007-06-01,12:08 PM,8,4,Mar-37,37-3 8 4,Direct swim (m),21.15,58.72,81.62,22.41,23.41,4.17,1.39,0.4,3,26.84365317,0
2007-06-02,7:34 AM,9,1,31-Jan,31-1 9 1,Scanning (m),1447.12,22.03,1321.08,24.26,92.22,61.11,59.98,0.43,0,32.92540019,0
2007-06-02,7:36 AM,9,1,Feb-31,31-2 9 1,Random Search (m),1952.08,20.93,1255.89,32.95,91.93,72.92,59.99,0.25,0,29.54438656,0
2007-06-02,7:38 AM,9,1,Jan-32,32-1 9 1,Scanning (m),1600.78,22.52,1349.32,28.47,93.27,67.36,59.91,0.57,1,60.55099697,0
2007-06-02,7:39 AM,9,1,Feb-32,32-2 9 1,Scanning (m),1788.27,24.23,1452.26,31.53,91.54,76.39,59.94,0.57,1,19.79168167,0
2007-06-02,7:48 AM,9,1,Jan-33,33-1 9 1,Random Search (m),2286.99,21.89,1311.52,39.69,87.51,70.14,59.92,0.4,0,16.51956122,0
2007-06-02,7:49 AM,9,1,Feb-33,33-2 9 1,Scanning (m),1732.01,21.35,1280.01,30.84,92.01,70.14,59.94,0.54,1,56.26959805,0
2007-06-02,7:51 AM,9,1,Mar-33,33-3 9 1,Scanning (m),1768.61,23.41,1403.46,29.66,93.6,77.78,59.94,0.36,0,95.30900025,0
2007-06-02,7:53 AM,9,1,Apr-33,33-4 9 1,Scanning (m),1657.26,20.94,1255.53,28.12,96.6,52.78,59.95,0.35,1,71.63320182,0
2007-06-02,8:01 AM,9,1,Jan-35,35-1 9 1,Scanning (m),1455.87,25.85,1550.24,25.88,89.43,79.17,59.97,0.69,2,61.56256268,0
2007-06-02,8:03 AM,9,1,Feb-35,35-2 9 1,Scanning (m),1891.51,23.58,1414.26,31.84,90.31,69.44,59.97,0.26,1,51.98628078,0
2007-06-02,8:06 AM,9,1,Jan-36,36-1 9 1,Random Search (m),2830.27,23.98,1436.86,47.47,93.72,84.03,59.93,0.09,1,88.43776163,0
2007-06-02,8:07 AM,9,1,Feb-36,36-2 9 1,Scanning (m),1592.63,21.37,1281.52,28.52,91.48,63.89,59.98,0.62,1,24.98429819,0
2007-06-02,8:16 AM,9,1,Jan-37,37-1 9 1,Scanning (m),1741.13,22.39,1341.1,30.8,91.29,63.19,59.91,0.56,0,42.3567172,0
2007-06-02,8:18 AM,9,1,Feb-37,37-2 9 1,Thigmotaxis (m),2477.97,24.56,1471.34,43,87.85,54.86,59.9,0.38,0,81.05491081,0
2007-06-02,8:19 AM,9,1,Mar-37,37-3 9 1,Random Search (m),1980.63,20.18,1210.22,33.57,93.12,53.47,59.97,0.31,1,46.83860835,0
2007-06-03,7:21 AM,10,1,31-Jan,31-1 10 1,Spatial Indirect (m),69.02,55.54,173.27,24.24,64.44,10.42,3.12,0.09,2,93.18136882,0
2007-06-03,7:22 AM,10,1,Feb-31,31-2 10 1,Direct swim (m),42.72,60.26,148.84,20.05,47.81,5.56,2.47,0.35,2,60.07214971,0
2007-06-03,7:23 AM,10,1,Jan-32,32-1 10 1,Direct swim (m),31.02,58.99,136.27,15.44,57.52,4.17,2.31,0.58,2,51.5430213,0
2007-06-03,7:24 AM,10,1,Feb-32,32-2 10 1,Direct swim (m),7.82,89.94,121.41,7.54,76.56,4.17,1.35,0.67,2,43.89962782,0
2007-06-03,7:25 AM,10,2,31-Jan,31-1 10 2,Direct swim (m),55.06,36.95,86.45,30.86,63.77,4.17,2.34,0.4,2,110.8417789,0
2007-06-03,7:26 AM,10,2,Feb-31,31-2 10 2,Direct swim (m),25.9,44,76.55,20.02,13.3,4.17,1.74,0.79,3,12.36296432,0
2007-06-03,7:27 AM,10,2,Jan-32,32-1 10 2,Spatial Indirect (m),60.63,34.7,96.8,28.74,53.37,6.25,2.79,0.17,2,70.76786633,0
2007-06-03,7:28 AM,10,2,Feb-32,32-2 10 2,Focal Search (m),157.18,22.71,172.41,24.76,71.25,5.56,7.59,0.52,2,82.36798579,0
2007-06-03,7:29 AM,10,3,31-Jan,31-1 10 3,Direct swim (m),95.58,48.15,182.99,37.62,20.83,9.72,3.8,0.97,3,14.9019458,0
2007-06-03,7:30 AM,10,3,Feb-31,31-2 10 3,Direct swim (m),95.12,47.95,180.77,38.18,24.81,11.11,3.77,0.56,3,48.71574847,0
2007-06-03,7:31 AM,10,3,Jan-32,32-1 10 3,Direct swim (m),92.76,50.08,174.26,38.7,29.51,9.72,3.48,0.72,3,26.2206457,0
2007-06-03,7:32 AM,10,3,Feb-32,32-2 10 3,Chaining (m),339.64,30.59,342.35,37.15,67.95,30.56,11.19,0.47,0,24.8247612,0
2007-06-03,7:34 AM,10,4,31-Jan,31-1 10 4,Direct swim (m),74.4,37.33,121.34,42.83,27.54,9.72,3.25,0.74,3,31.49987863,0
2007-06-03,7:35 AM,10,4,Feb-31,31-2 10 4,Direct swim (m),72.99,26.37,122.89,36.45,26.25,9.72,4.66,0.5,3,38.32222322,0
2007-06-03,7:36 AM,10,4,Jan-32,32-1 10 4,Scanning (m),352.23,21.3,339.55,29.4,77.66,27.08,15.94,0.72,2,27.46740846,0
2007-06-03,7:36 AM,10,4,Feb-32,32-2 10 4,Directed Search (m),85.88,33.91,159.72,34.62,41.46,12.5,4.71,0.59,2,26.37571038,0
2007-06-03,7:47 AM,10,1,Jan-33,33-1 10 1,Directed Search (m),187.74,29.15,227.07,35.49,52.61,14.58,7.79,0.77,2,22.4164976,0
2007-06-03,7:48 AM,10,1,Feb-33,33-2 10 1,Directed Search (m),66.68,49.92,194.2,28.13,38.94,13.19,3.89,0.9,2,7.517959143,0
2007-06-03,7:49 AM,10,1,Mar-33,33-3 10 1,Scanning (m),543.08,28.09,401.92,43.66,75.81,27.08,14.31,0.44,1,23.55385501,0
2007-06-03,7:50 AM,10,1,Apr-33,33-4 10 1,Direct swim (m),79.97,63.95,186.74,41.94,19.31,10.42,2.92,0.9,3,21.84939171,0
2007-06-03,7:51 AM,10,2,Jan-33,33-1 10 2,Spatial Indirect (m),251.53,18.54,190.58,37.98,56.87,17.36,10.28,0.52,2,33.50926918,0
2007-06-03,7:52 AM,10,2,Feb-33,33-2 10 2,Directed Search (m),57.86,36.27,135.3,32.17,29.81,9.72,3.73,0.72,3,20.9649803,0
2007-06-03,7:53 AM,10,2,Mar-33,33-3 10 2,Random Search (m),396.54,24.43,261.19,46.79,66.82,25,10.69,0.34,1,31.85981126,0
2007-06-03,7:54 AM,10,2,Apr-33,33-4 10 2,Spatial Indirect (m),49.47,40.14,138.47,32.23,39.19,9.72,3.45,0.94,2,13.24886327,0
2007-06-03,7:56 AM,10,3,33-1*,33-1* 10 3,Random Search (m),358.91,23.48,380.91,22.73,81.04,27.08,16.22,0.33,2,40.7737801,0
2007-06-03,7:56 AM,10,3,Feb-33,33-2 10 3,Spatial Indirect (m),81.06,43.05,188.54,20.17,67.32,10.42,4.38,0.11,2,38.39125648,0
2007-06-03,7:57 AM,10,3,Mar-33,33-3 10 3,Direct swim (m),38.7,50.66,138.8,16.23,38.69,4.17,2.74,0.52,2,27.15595866,0
2007-06-03,7:58 AM,10,3,Apr-33,33-4 10 3,Direct swim (m),23.78,73.41,133.6,15,61.51,4.86,1.82,0.3,2,61.73696227,0
2007-06-03,7:59 AM,10,4,Jan-33,33-1 10 4,Focal Search (m),196.36,16.53,195.27,19.7,80.96,18.75,11.81,0.39,2,18.4802903,0
2007-06-03,8:00 AM,10,4,Feb-33,33-2 10 4,Spatial Indirect (m),61.99,32.59,94.18,27.66,51.79,4.17,2.89,0.23,2,61.28192974,0
2007-06-03,8:01 AM,10,4,Mar-33,33-3 10 4,Focal Search (m),125.74,19.95,188.33,17.08,71.69,9.72,9.44,0.62,2,68.73389825,0
2007-06-03,8:02 AM,10,4,Apr-33,33-4 10 4,Focal Search (m),132.88,21.12,165.33,20.98,80.34,4.86,7.83,0.86,2,47.60807563,0
2007-06-03,8:12 AM,10,1,35-1*,35-1* 10 1,Spatial Indirect (m),159.46,45.42,212.13,44.07,55.26,12.5,4.67,0.21,2,73.15162875,0
2007-06-03,8:13 AM,10,1,35-2*,35-2* 10 1,Directed Search (m),141.2,42.28,276.96,30.28,64.14,20.83,6.55,0.79,2,31.40262165,0
2007-06-03,8:15 AM,10,1,Jan-36,36-1 10 1,Thigmotaxis (m),2374.66,26.3,1243.61,52.13,86.93,69.44,47.29,0.29,0,81.11365918,0
2007-06-03,8:16 AM,10,1,Feb-36,36-2 10 1,Directed Search (m),117.57,41.03,230.58,31.36,52.4,15.97,5.62,0.81,2,51.80047005,0
2007-06-03,8:17 AM,10,2,Jan-35,35-1 10 2,Spatial Indirect (m),56.86,30.57,118.93,19.73,62.97,9.03,3.89,0.68,2,78.06395671,0
2007-06-03,8:18 AM,10,2,35-2*,35-2* 10 2,Direct swim (m),22.79,53.95,86.32,20.63,37.94,4.17,1.6,0.59,2,33.03507902,0
2007-06-03,8:19 AM,10,2,Jan-36,36-1 10 2,Spatial Indirect (m),72.71,34.02,109.2,28.33,49.86,7.64,3.21,0.15,2,46.43606963,0
2007-06-03,8:19 AM,10,2,Feb-36,36-2 10 2,Spatial Indirect (m),89.83,28.33,120.69,26.36,57.87,6.25,4.26,0.23,2,27.65661429,0
2007-06-03,8:21 AM,10,3,Jan-35,35-1 10 3,Spatial Indirect (m),65.96,42.55,172.74,17.68,67.57,9.03,4.06,0.31,2,68.54981549,0
2007-06-03,8:22 AM,10,3,Feb-35,35-2 10 3,Spatial Indirect (m),67.42,49.02,214.23,16.96,75.05,12.5,4.37,0.62,2,84.65701441,0
2007-06-03,8:22 AM,10,3,Jan-36,36-1 10 3,Direct swim (m),18.29,63.35,142.53,11.07,62.64,5.56,2.25,0.67,2,13.2277475,0
2007-06-03,8:23 AM,10,3,Feb-36,36-2 10 3,Direct swim (m),25.14,65.45,145.95,13.51,59.89,6.25,2.23,0.62,2,32.73847225,0
2007-06-03,8:25 AM,10,4,Jan-35,35-1 10 4,Spatial Indirect (m),172.48,23.58,152.79,41.13,55.22,13.19,6.48,0.39,2,73.07201243,0
2007-06-03,8:26 AM,10,4,Feb-35,35-2 10 4,Focal Search (m),69.99,36.09,133.18,37.96,34.21,9.03,3.69,0.87,3,16.01379457,0
2007-06-03,8:26 AM,10,4,Jan-36,36-1 10 4,Direct swim (m),84.34,37.5,119.24,47.1,26.45,9.72,3.18,0.36,3,52.81576163,0
2007-06-03,8:27 AM,10,4,Feb-36,36-2 10 4,Focal Search (m),95.27,30.14,166.69,30.93,59.83,12.5,5.53,0.56,2,16.83475217,0
2007-06-03,8:36 AM,10,1,Jan-37,37-1 10 1,Directed Search (m),72.01,58.16,210.53,32.54,44.62,11.81,3.62,0.79,2,20.96582522,0
2007-06-03,8:37 AM,10,1,Feb-37,37-2 10 1,Chaining (m),1273.91,27.8,843.16,45,83.07,47.92,30.33,0.4,0,37.09901021,0
2007-06-03,8:38 AM,10,1,Mar-37,37-3 10 1,Scanning (m),977.8,26.22,604.8,45.9,84.05,42.36,23.07,0.27,1,64.72440936,0
2007-06-03,8:41 AM,10,2,Jan-37,37-1 10 2,Direct swim (m),68.16,43.99,130.64,41.07,31.37,9.72,2.97,0.45,3,51.83221202,0
2007-06-03,8:41 AM,10,2,Feb-37,37-2 10 2,Scanning (m),441.44,23.31,367.18,33.93,72.13,28.47,15.75,0.58,0,18.75503358,0
2007-06-03,8:42 AM,10,2,Mar-37,37-3 10 2,Focal Search (m),128,20.71,198.83,26.15,67.12,16.67,9.6,0.86,2,32.68289474,0
2007-06-03,8:45 AM,10,3,Jan-37,37-1 10 3,Direct swim (m),55.12,37.24,118.42,24.5,57.64,9.72,3.18,0.52,2,80.93650282,0
2007-06-03,8:45 AM,10,3,Feb-37,37-2 10 3,Scanning (m),205.71,14.88,166.11,22.72,74.31,9.03,11.16,0.45,2,16.18408076,0
2007-06-03,8:46 AM,10,3,Mar-37,37-3 10 3,Direct swim (m),19.41,61.41,82.28,21.17,6.85,4.17,1.34,0.87,3,7.513184564,0
2007-06-03,8:48 AM,10,4,37-1*,37-1* 10 4,Direct swim (m),24.78,80.87,142.34,16.64,47.21,5.56,1.76,0.58,2,29.9304994,0
2007-06-03,8:49 AM,10,4,Feb-37,37-2 10 4,Spatial Indirect (m),115.04,40.06,186.26,26.73,57.6,12.5,4.65,0.1,2,73.64981507,0
2007-06-03,8:50 AM,10,4,Mar-37,37-3 10 4,Focal Search (m),87.5,34.83,177.98,18.62,70.96,7.64,5.11,0.17,2,78.66736235,0
2007-06-04,1:19 AM,11,1,31-Jan,31-1 11 1,Scanning (m),903.99,24.22,810.8,27.17,96.39,45.14,33.47,0.43,0,43.40341267,0
2007-06-04,1:20 AM,11,1,Feb-31,31-2 11 1,Scanning (m),724.93,23.29,687.86,25.2,92.57,42.36,29.53,0.39,0,38.37717419,0
2007-06-04,1:21 AM,11,1,Jan-32,32-1 11 1,Random Search (m),1310.73,22.34,1015.06,29.4,94.68,61.11,45.43,0.45,1,27.48409863,0
2007-06-04,1:23 AM,11,1,Feb-32,32-2 11 1,Scanning (m),806.19,24.47,811.3,24.33,97.57,52.08,33.15,0.19,1,92.15426271,0
2007-06-04,1:25 AM,11,2,31-Jan,31-1 11 2,Random Search (m),1344.92,21.64,830.55,37.91,86.38,47.22,38.38,0.57,1,17.91025836,0
2007-06-04,1:26 AM,11,2,Feb-31,31-2 11 2,Spatial Indirect (m),269.33,25.81,240.33,39.64,75.33,24.31,9.31,0.48,2,14.54143546,0
2007-06-04,1:27 AM,11,2,Jan-32,32-1 11 2,Spatial Indirect (m),240,22.16,192.59,40.58,80.91,17.36,8.69,0.57,2,37.68730874,0
2007-06-04,1:27 AM,11,2,Feb-32,32-2 11 2,Spatial Indirect (m),168.64,25.52,104.4,64.81,79.78,5.56,4.09,0.12,2,19.39217128,0
2007-06-04,1:30 AM,11,3,31-Jan,31-1 11 3,Scanning (m),2021.72,20.77,1245.85,34.16,91.29,67.36,59.98,0.25,1,53.736375,0
2007-06-04,1:31 AM,11,3,Feb-31,31-2 11 3,Spatial Indirect (m),199.84,24.41,157.91,34.82,102.13,14.58,6.47,0.2,2,125.3065975,0
2007-06-04,1:32 AM,11,3,Jan-32,32-1 11 3,Scanning (m),381.96,23.22,248.27,37.93,93.59,24.31,10.69,0,0,32.13239797,0
2007-06-04,1:33 AM,11,3,Feb-32,32-2 11 3,Spatial Indirect (m),342.9,21.02,182.89,42.58,102.49,19.44,8.7,0.02,0,88.00276394,0
2007-06-04,1:35 AM,11,4,31-Jan,31-1 11 4,Scanning (m),483.44,24.12,372.09,36.78,87.2,31.94,15.43,0.25,0,83.46434161,0
2007-06-04,1:36 AM,11,4,Feb-31,31-2 11 4,Directed Search (m),289.88,32.53,172.06,68.23,78.57,7.64,5.29,0,2,70.53146307,0
2007-06-04,1:37 AM,11,4,Jan-32,32-1 11 4,Spatial Indirect (m),280.31,27.82,173.87,59.02,59.07,6.25,6.25,0.48,2,50.37098334,0
2007-06-04,1:37 AM,11,4,Feb-32,32-2 11 4,Spatial Indirect (m),262.06,31.2,171.3,59.62,84.56,7.64,5.49,0.45,2,29.49132896,0
2007-06-04,1:47 AM,11,1,Jan-33,33-1 11 1,Scanning (m),1364.06,18.25,1093.77,24.95,88.19,45.14,59.92,0.64,0,42.73186696,0
2007-06-04,1:49 AM,11,1,Feb-33,33-2 11 1,Scanning (m),1629.7,20.28,1214.93,29.17,92,59.72,59.9,0.57,1,21.79062412,0
2007-06-04,1:50 AM,11,1,Mar-33,33-3 11 1,Direct swim (m),110.92,34.55,91.55,67.28,67.6,5.56,2.65,0.04,2,40.14113204,0
2007-06-04,1:51 AM,11,1,Apr-33,33-4 11 1,Scanning (m),927.54,22.65,586.74,39.8,89.11,25.69,25.91,0.37,1,19.62595478,0
2007-06-04,1:52 AM,11,2,Jan-33,33-1 11 2,Random Search (m),467.6,26.12,401.5,30.95,97.58,32.64,15.37,0.38,0,9.245450263,0
2007-06-04,1:53 AM,11,2,Feb-33,33-2 11 2,Direct swim (m),104.56,56.79,165.82,36.39,127.59,9.72,2.92,0,2,99.06695159,0
2007-06-04,1:55 AM,11,2,Mar-33,33-3 11 2,Random Search (m),1820.31,22.46,1345.41,30.54,91.27,70.14,59.91,0.29,1,60.84388323,0
2007-06-04,1:56 AM,11,2,Apr-33,33-4 11 2,Directed Search (m),161.2,34.59,202.33,28.23,105.52,15.28,5.85,0,2,86.41694648,0
2007-06-04,1:57 AM,11,3,Jan-33,33-1 11 3,Spatial Indirect (m),291.64,35.91,207.19,61.42,71.81,11.81,5.77,0.25,2,24.03882993,0
2007-06-04,1:58 AM,11,3,Feb-33,33-2 11 3,Direct swim (m),170.3,46.69,148.49,69.21,72.83,4.86,3.18,0,2,55.73713026,0
2007-06-04,1:59 AM,11,3,Mar-33,33-3 11 3,Scanning (m),1364.19,21.74,989.58,32.56,89.29,56.94,45.52,0.56,1,33.70169954,0
2007-06-04,2:00 AM,11,3,Apr-33,33-4 11 3,Spatial Indirect (m),169.55,37.34,229.64,34.97,92.14,18.75,6.15,0.46,2,26.28184536,0
2007-06-04,2:02 AM,11,4,Jan-33,33-1 11 4,Direct swim (m),206.65,28.3,130.16,48.54,109.57,12.5,4.6,0,2,98.93744944,0
2007-06-04,2:03 AM,11,4,Feb-33,33-2 11 4,Spatial Indirect (m),227.85,24.06,161.94,37.39,104.51,15.97,6.73,0.09,2,94.17460627,0
2007-06-04,2:04 AM,11,4,Mar-33,33-3 11 4,Scanning (m),629.23,17.63,432.37,27.14,92.15,34.03,24.53,0.53,1,35.6322158,0
2007-06-04,2:05 AM,11,4,Apr-33,33-4 11 4,Direct swim (m),138.75,34.91,130.92,39.3,113.9,10.42,3.75,0.08,2,63.88500768,0
2007-06-04,2:17 AM,11,1,Jan-35,35-1 11 1,Scanning (m),1604.44,22.89,1372.31,28.26,93.83,59.72,59.94,0.54,1,70.40743308,0
2007-06-04,2:18 AM,11,1,Feb-35,35-2 11 1,Scanning (m),308.87,27.06,445.88,24.03,89.5,38.19,16.48,0.73,2,16.36792721,0
2007-06-04,2:19 AM,11,1,Jan-36,36-1 11 1,Spatial Indirect (m),131.52,34.57,180.46,37.79,74.92,18.75,5.22,0.57,2,9.329154332,0
2007-06-04,2:21 AM,11,1,Feb-36,36-2 11 1,Scanning (m),1576.36,21.68,1299.8,28.22,90.74,63.89,59.96,0.58,1,34.70011264,0
2007-06-04,2:23 AM,11,2,Jan-35,35-1 11 2,Scanning (m),1430.5,22.88,1370.97,24.3,89.58,63.19,59.91,0.46,0,66.76957279,0
2007-06-04,2:25 AM,11,2,Feb-35,35-2 11 2,Random Search (m),277.59,25.2,301.34,25.41,97.17,25,11.96,0.48,2,11.32695446,0
2007-06-04,2:26 AM,11,2,Jan-36,36-1 11 2,Spatial Indirect (m),261.63,26.64,186.22,40.35,102.74,18.75,6.99,0.11,2,66.29097358,0
2007-06-04,2:27 AM,11,2,Feb-36,36-2 11 2,Spatial Indirect (m),163.03,29.37,147.46,36.05,102.5,12.5,5.02,0,2,72.49743089,0
2007-06-04,2:29 AM,11,3,35-1*,35-1* 11 3,Scanning (m),1492.92,22.96,1213.74,28.43,95.34,59.03,52.86,0.4,1,39.00418763,0
2007-06-04,2:30 AM,11,3,35-2*,35-2* 11 3,Direct swim (m),96.08,64.34,166.65,37.02,128.71,11.11,2.59,0.07,2,107.5574323,0
2007-06-04,2:31 AM,11,3,Jan-36,36-1 11 3,Scanning (m),362.93,26.72,422.95,23.43,95.47,32.64,15.83,0.42,0,79.69363153,0
2007-06-04,2:32 AM,11,3,Feb-36,36-2 11 3,Spatial Indirect (m),247.84,36.19,244.65,37.2,100.34,20.83,6.76,0.16,2,24.17817691,0
2007-06-04,2:34 AM,11,4,Jan-35,35-1 11 4,Direct swim (m),143.75,51.73,145.37,66.06,78.28,3.47,2.81,0.07,2,77.19829404,0
2007-06-04,2:34 AM,11,4,Feb-35,35-2 11 4,Direct swim (m),73.81,104.61,144.36,68.22,84.83,3.47,1.38,0.07,2,82.70684691,0
2007-06-04,2:35 AM,11,4,Jan-36,36-1 11 4,Spatial Indirect (m),148.8,41.8,220.69,38.74,79.44,15.28,5.28,0.69,2,18.40479454,0
2007-06-04,2:36 AM,11,4,Feb-36,36-2 11 4,Direct swim (m),85.74,75.28,142.28,60.41,72.74,4.86,1.89,0,2,41.36358435,0
2007-06-04,2:46 AM,11,1,Jan-37,37-1 11 1,Scanning (m),2024.9,20.65,1238.5,35.77,93.11,56.94,59.97,0.52,0,33.59894752,0
2007-06-04,2:48 AM,11,1,Feb-37,37-2 11 1,Random Search (m),2220.06,22.54,1351.39,38.78,89.5,65.28,59.96,0.44,1,6.118346026,0
2007-06-04,2:49 AM,11,1,Mar-37,37-3 11 1,Directed Search (m),162.49,30.13,115.99,62.9,77.43,7.64,3.85,0.07,2,42.76013256,0
2007-06-04,2:52 AM,11,2,Jan-37,37-1 11 2,Scanning (m),132.67,30.29,248.69,17.42,107.31,19.44,8.21,0.5,2,34.92621509,0
2007-06-04,2:53 AM,11,2,Feb-37,37-2 11 2,Random Search (m),1035.09,23.49,662.9,37.21,95.64,42.36,28.22,0.28,1,42.04268925,0
2007-06-04,2:55 AM,11,2,Mar-37,37-3 11 2,Scanning (m),1805.44,19.24,1153.27,30.36,90.67,56.94,59.95,0.37,1,131.6155333,0
2007-06-04,2:57 AM,11,3,Jan-37,37-1 11 3,Spatial Indirect (m),97.02,37.79,116,36.75,96.97,9.72,3.07,0.03,2,29.28792799,0
2007-06-04,2:58 AM,11,3,Feb-37,37-2 11 3,Chaining (m),576.09,26.2,360.19,43.32,95.88,29.17,13.75,0.22,0,93.57566928,0
2007-06-04,2:59 AM,11,3,Mar-37,37-3 11 3,Random Search (m),429.27,21.74,300.25,32.78,97.03,31.25,13.81,0.34,0,7.232112453,0
2007-06-04,3:02 AM,11,4,Jan-37,37-1 11 4,Spatial Indirect (m),212.07,41.55,238.09,47.66,86,15.28,5.73,0.42,2,52.8164911,0
2007-06-04,3:03 AM,11,4,Feb-37,37-2 11 4,Direct swim (m),104.55,75.75,149.22,68.22,84.41,4.17,1.97,0.14,2,104.2383427,0
2007-06-04,3:03 AM,11,4,Mar-37,37-3 11 4,Scanning (m),380.32,27.28,271.49,45.8,83.72,20.83,9.95,0.51,0,31.88400568,0
2007-06-05,9:29 AM,12,1,31-1*,31-1* 12 1,Spatial Indirect (m),143.35,32.65,143.32,35.97,109.64,12.5,4.39,0.22,2,29.17599003,0
2007-06-05,9:30 AM,12,1,Feb-31,31-2 12 1,Spatial Indirect (m),349.33,24.27,195.58,46.4,95.76,20.14,8.06,0.09,1,27.04767361,0
2007-06-05,9:31 AM,12,1,Jan-32,32-1 12 1,Scanning (m),389.16,23.87,250.36,39.54,98.68,27.78,10.49,0,0,72.01880113,0
2007-06-05,9:32 AM,12,1,Feb-32,32-2 12 1,Spatial Indirect (m),167.04,28.93,151.33,35.3,107.05,16.67,5.23,0,2,92.35695027,0
2007-06-05,9:34 AM,12,2,31-Jan,31-1 12 2,Direct swim (m),128.03,54.03,148.05,60.64,72.6,5.56,2.74,0.24,2,22.59522001,0
2007-06-05,9:35 AM,12,2,31-2*,31-2* 12 2,Scanning (m),400.39,31.5,328.86,45.8,88.43,29.17,10.44,0.45,0,43.70412259,0
2007-06-05,9:36 AM,12,2,Jan-32,32-1 12 2,Spatial Indirect (m),346.94,32.3,221.25,61.06,73.69,13.89,6.85,0.44,0,37.46042164,0
2007-06-05,9:37 AM,12,2,Feb-32,32-2 12 2,Chaining (m),299.92,33.62,251.5,49.9,86.22,20.83,7.48,0.26,2,49.62703449,0
2007-06-05,9:38 AM,12,3,31-Jan,31-1 12 3,Direct swim (m),124.62,31.88,97.88,64.77,65.2,4.86,3.07,0.12,2,58.19990142,0
2007-06-05,9:39 AM,12,3,Feb-31,31-2 12 3,Spatial Indirect (m),173.68,29.94,206.88,38.17,77.99,17.36,6.91,0.72,2,18.86923069,0
2007-06-05,9:40 AM,12,3,Jan-32,32-1 12 3,Direct swim (m),81.05,46.58,95.95,66.9,69.45,5.56,2.06,0.18,2,54.46134566,0
2007-06-05,9:40 AM,12,3,Feb-32,32-2 12 3,Direct swim (m),76.27,45.02,87.34,65.89,66.47,5.56,1.94,0.05,2,51.77615847,0
2007-06-05,9:42 AM,12,4,31-Jan,31-1 12 4,Focal Search (m),267.49,40.27,206.97,52.53,96.98,13.89,5.14,0,2,95.0142949,0
2007-06-05,9:43 AM,12,4,Feb-31,31-2 12 4,Direct swim (m),234.98,39.5,184.84,51.07,102.01,12.5,4.68,0,2,83.5401027,0
2007-06-05,9:44 AM,12,4,Jan-32,32-1 12 4,Spatial Indirect (m),229.46,39.26,206.09,44.2,99.8,14.58,5.25,0,2,60.95434054,0
2007-06-05,9:45 AM,12,4,Feb-32,32-2 12 4,Spatial Indirect (m),216.74,42.28,178.87,50.65,115.3,13.89,4.23,0,2,123.309954,0
2007-06-05,9:51 AM,12,1,Jan-33,33-1 12 1,Direct swim (m),109.94,49.56,191.29,28.57,124.19,15.97,3.86,0.23,2,40.39095319,0
2007-06-05,9:52 AM,12,1,Feb-33,33-2 12 1,Spatial Indirect (m),138.75,51.31,198.05,36.5,111.53,14.58,3.86,0.23,2,29.92832783,0
2007-06-05,9:53 AM,12,1,Mar-33,33-3 12 1,Scanning (m),667.17,23.91,625.83,25.62,94.7,36.81,26.17,0.42,1,44.90797456,0
2007-06-05,9:54 AM,12,1,33-4*,33-4* 12 1,Direct swim (m),74.17,83.27,156.54,39.09,131.57,8.33,1.88,0,2,116.772836,0
2007-06-05,9:55 AM,12,2,Jan-33,33-1 12 2,Spatial Indirect (m),300.2,36.91,204.11,65.27,78.31,11.11,5.53,0,0,77.91404956,0
2007-06-05,9:56 AM,12,2,Feb-33,33-2 12 2,Direct swim (m),102.34,77.37,147.78,67.4,83.32,6.94,1.91,0.1,2,87.06034965,0
2007-06-05,9:57 AM,12,2,Mar-33,33-3 12 2,Random Search (m),1031.4,22.9,669.77,38.64,92.86,51.39,29.25,0.48,0,80.76506288,0
2007-06-05,9:58 AM,12,2,Apr-33,33-4 12 2,Random Search (m),132.75,39.75,246.03,27.3,94.99,18.75,6.19,0.73,2,17.89324742,0
2007-06-05,9:59 AM,12,3,Jan-33,33-1 12 3,Direct swim (m),92.3,44.7,112.65,59.45,75.17,6.94,2.52,0.33,2,32.90487037,0
2007-06-05,10:00 AM,12,3,Feb-33,33-2 12 3,Spatial Indirect (m),266.76,28.65,220.03,46.61,83.73,21.53,7.68,0.27,2,43.49537021,0
2007-06-05,10:01 AM,12,3,Mar-33,33-3 12 3,Random Search (m),634.91,21.35,526.19,30.72,91.88,43.75,24.65,0.6,1,66.4952158,0
2007-06-05,10:02 AM,12,3,Apr-33,33-4 12 3,Spatial Indirect (m),100.7,37.95,162.44,36.1,87.07,15.28,4.28,0.66,2,19.91100986,0
2007-06-05,10:04 AM,12,4,Jan-33,33-1 12 4,Direct swim (m),155.49,28.89,129.44,38.43,105.04,11.11,4.48,0.09,2,32.4102094,0
2007-06-05,10:04 AM,12,4,Feb-33,33-2 12 4,Spatial Indirect (m),172.75,27.29,168.37,31.73,96.16,15.28,6.17,0.3,2,49.64191553,0
2007-06-05,10:06 AM,12,4,33-3*,33-3* 12 4,Scanning (m),1559.86,19.85,972.24,32.49,90.6,51.39,48.97,0.35,1,21.40887101,0
2007-06-05,10:07 AM,12,4,Apr-33,33-4 12 4,Direct swim (m),146.37,39.08,130.53,46.54,107.94,11.11,3.34,0,2,69.79959789,0
2007-06-05,10:15 AM,12,1,Jan-35,35-1 12 1,Scanning (m),1880.2,25.66,1539.42,31.63,88.88,70.14,59.99,0.3,1,23.18178847,0
2007-06-05,10:16 AM,12,1,Feb-35,35-2 12 1,Scanning (m),113.28,34.93,212.38,21.05,100.53,19.44,6.08,0.56,2,15.78063591,0
2007-06-05,10:17 AM,12,1,Jan-36,36-1 12 1,Scanning (m),141.82,28.26,206.03,21.83,106.68,19.44,7.29,0.46,2,68.11996265,0
2007-06-05,10:17 AM,12,1,Feb-36,36-2 12 1,Direct swim (m),92.43,45.05,112.17,41.56,101.1,8.33,2.49,0,2,73.13090661,0
2007-06-05,10:20 AM,12,2,Jan-35,35-1 12 2,Scanning (m),2103.6,24.77,1484.01,35.27,93.73,54.17,59.92,0.36,0,81.44185815,0
2007-06-05,10:21 AM,12,2,Feb-35,35-2 12 2,Scanning (m),269.56,39.11,322.25,33.19,98.22,29.86,8.24,0.19,2,98.93162269,0
2007-06-05,10:22 AM,12,2,Jan-36,36-1 12 2,Direct swim (m),82.4,66.19,170.1,32.42,120.95,10.42,2.57,0.07,2,68.40177945,0
2007-06-05,10:23 AM,12,2,36-2*,36-2* 12 2,Focal Search (m),311.07,37.75,203.88,58.47,108.31,10.42,5.4,0,0,106.9758871,0
2007-06-05,10:24 AM,12,3,Jan-35,35-1 12 3,Direct swim (m),143.89,52.33,150.19,65.46,76.78,4.86,2.87,0.03,2,89.52537709,0
2007-06-05,10:25 AM,12,3,Feb-35,35-2 12 3,Direct swim (m),55.77,120.87,136.59,64.08,73.36,4.86,1.13,0,2,68.22355861,0
2007-06-05,10:26 AM,12,3,Jan-36,36-1 12 3,Spatial Indirect (m),172.7,42.42,237.14,41.85,79.42,18.06,5.59,0.68,2,23.02264483,0
2007-06-05,10:27 AM,12,3,Feb-36,36-2 12 3,Focal Search (m),560.08,24.31,254.54,63.26,89.43,16.67,10.47,0.08,0,70.54163688,0
2007-06-05,10:29 AM,12,4,Jan-35,35-1 12 4,Random Search (m),2011.88,24.02,1439.71,35.32,87.3,58.33,59.94,0.47,1,86.14293404,0
2007-06-05,10:30 AM,12,4,Feb-35,35-2 12 4,Direct swim (m),61.68,81.97,102.46,53.46,159.75,2.78,1.25,0.86,2,158.2158986,0
2007-06-05,10:33 AM,12,4,Jan-36,36-1 12 4,Spatial Indirect (m),159.54,29.94,192.79,37.41,81.28,18.06,6.44,0.67,2,15.97983317,0
2007-06-05,10:34 AM,12,4,Feb-36,36-2 12 4,Direct swim (m),103.49,35.47,96.12,62.55,70.27,6.94,2.71,0,2,45.43096058,0
2007-06-05,10:46 AM,12,1,Jan-37,37-1 12 1,Scanning (m),291.48,31.46,176.19,54.44,100.77,13.89,5.6,0,2,93.00681651,0
2007-06-05,10:47 AM,12,1,37-2*,37-2* 12 1,Random Search (m),743.4,23.6,473.59,38.41,90.21,43.75,20.07,0.11,1,58.60637615,0
2007-06-05,10:48 AM,12,1,Mar-37,37-3 12 1,Spatial Indirect (m),102.64,30.19,156.97,24.08,99.9,16.67,5.2,0.51,2,18.43895356,0
2007-06-05,10:51 AM,12,2,Jan-37,37-1 12 2,Spatial Indirect (m),214.59,46.15,229.82,53.45,85.55,13.89,4.98,0.45,2,15.04603124,0
2007-06-05,10:51 AM,12,2,Feb-37,37-2 12 2,Spatial Indirect (m),139.2,69.04,160.87,73.91,65.78,5.56,2.33,0,2,92.23123539,0
2007-06-05,10:52 AM,12,2,Mar-37,37-3 12 2,Scanning (m),365.18,33.64,275.89,52.38,86.64,20.83,8.2,0.39,0,15.36793419,0
2007-06-05,10:55 AM,12,3,Jan-37,37-1 12 3,Direct swim (m),62.28,57.29,89.95,64.56,74.09,4.17,1.57,0,2,65.27118351,0
2007-06-05,10:56 AM,12,3,Feb-37,37-2 12 3,Random Search (m),1064.48,24.95,525.19,54.58,86.64,40.97,21.05,0.15,1,15.77544765,0
2007-06-05,10:56 AM,12,3,Mar-37,37-3 12 3,Spatial Indirect (m),120.62,35.89,108.76,60.6,79.1,6.25,3.03,0.31,2,31.33578623,0
2007-06-05,10:59 AM,12,4,Jan-37,37-1 12 4,Spatial Indirect (m),72.94,70.12,168.28,30.88,118.64,11.81,2.4,0.16,2,53.84602174,0
2007-06-05,11:00 AM,12,4,Feb-37,37-2 12 4,Chaining (m),611.72,32.78,409.47,49.98,94.18,30.56,12.49,0.11,0,43.61171739,0
2007-06-05,11:01 AM,12,4,Mar-37,37-3 12 4,Spatial Indirect (m),171.5,51.31,181.64,48.57,112.71,13.19,3.54,0,2,98.45036268,0
2007-06-06,8:38 AM,13,1,31-Jan,31-1 13 1,Direct swim (m),128.75,60.53,151.93,62.94,81,6.25,2.51,0,2,75.83956695,0
2007-06-06,8:40 AM,13,1,Feb-31,31-2 13 1,Direct swim (m),101.83,36.38,87.66,61.22,122.69,1.39,2.41,0.08,2,107.5761924,0
2007-06-06,8:42 AM,13,1,Jan-32,32-1 13 1,Spatial Indirect (m),155.11,47,208.68,45.06,74.59,15.28,4.44,0.52,2,38.65384604,0
2007-06-06,8:43 AM,13,1,Feb-32,32-2 13 1,Direct swim (m),62.42,101.42,135.9,60.17,70.12,3.47,1.34,0.27,2,52.84167724,0
2007-06-06,8:45 AM,13,2,31-Jan,31-1 13 2,Spatial Indirect (m),186.97,27.59,171.35,33.37,96.46,15.97,6.21,0.16,2,27.33085932,0
2007-06-06,8:45 AM,13,2,31-2*,31-2* 13 2,Directed Search (m),210.79,24.19,126.74,44.42,108.02,11.11,5.24,0,2,77.79436378,0
2007-06-06,8:46 AM,13,2,32-1*,32-1* 13 2,Scanning (m),340.44,28.19,226.68,44.62,94.6,23.61,8.04,0.04,1,59.0645132,0
2007-06-06,8:47 AM,13,2,Feb-32,32-2 13 2,Directed Search (m),119.39,33.61,128.05,35.45,104.2,11.11,3.81,0,2,29.99162116,0
2007-06-06,8:48 AM,13,3,31-Jan,31-1 13 3,Focal Search (m),363.49,31.27,223.59,51.51,106.69,13.89,7.15,0,1,91.74262904,0
2007-06-06,8:49 AM,13,3,Feb-31,31-2 13 3,Spatial Indirect (m),357.42,28.4,223.23,46.03,95.41,17.36,7.86,0,1,79.62043139,0
2007-06-06,8:50 AM,13,3,Jan-32,32-1 13 3,Spatial Indirect (m),194.97,42.46,194.91,42.75,101.94,11.81,4.59,0.15,2,30.9634749,0
2007-06-06,8:51 AM,13,3,Feb-32,32-2 13 3,Spatial Indirect (m),191.78,49.05,191.77,49.16,102.84,14.58,3.91,0,2,85.36391665,0
2007-06-06,8:52 AM,13,4,31-Jan,31-1 13 4,Spatial Indirect (m),179.96,25.04,114.7,61.72,80.66,6.94,4.58,0.26,2,46.04702365,0
2007-06-06,8:53 AM,13,4,Feb-31,31-2 13 4,Spatial Indirect (m),143.98,27.41,102.5,61.98,89.53,4.86,3.74,0.08,2,100.5609102,0
2007-06-06,8:54 AM,13,4,Jan-32,32-1 13 4,Direct swim (m),76.51,45.07,86.54,65.49,65.68,4.86,1.92,0.05,2,59.82307882,0
2007-06-06,8:55 AM,13,4,Feb-32,32-2 13 4,Spatial Indirect (m),250.69,28.04,159.8,59.61,90.29,11.81,5.7,0,2,64.32101546,0
2007-06-06,9:04 AM,13,1,Jan-33,33-1 13 1,Chaining (m),1193.16,27.87,671.49,52.66,88.4,40.97,24.09,0.24,0,48.00269996,0
2007-06-06,9:04 AM,13,1,Feb-33,33-2 13 1,Spatial Indirect (m),114.46,61.94,167.23,54.93,74.02,8.33,2.7,0.29,2,30.99448674,0
2007-06-06,9:05 AM,13,1,Mar-33,33-3 13 1,Scanning (m),563.42,30.03,384.99,49.27,85.42,24.31,12.82,0.45,0,35.14386534,0
2007-06-06,9:06 AM,13,1,Apr-33,33-4 13 1,Spatial Indirect (m),89.81,86.79,139.73,66.93,75.26,6.25,1.61,0,2,103.0784059,0
2007-06-06,9:07 AM,13,2,Jan-33,33-1 13 2,Direct swim (m),174.56,32.69,116.7,69.75,77.34,6.94,3.57,0.08,2,55.37421724,0
2007-06-06,9:08 AM,13,2,Feb-33,33-2 13 2,Spatial Indirect (m),197.24,27.35,150.13,52.56,81.36,13.89,5.49,0.45,2,62.43384992,0
2007-06-06,9:09 AM,13,2,Mar-33,33-3 13 2,Random Search (m),519.48,25.63,488.21,33.23,85.74,45.14,19.05,0.54,1,10.06613723,0
2007-06-06,9:10 AM,13,2,Apr-33,33-4 13 2,Spatial Indirect (m),64.98,55.78,119.36,52.54,78.28,8.33,2.14,0.35,2,20.03585548,0
2007-06-06,9:11 AM,13,3,33-1*,33-1* 13 3,Direct swim (m),168.91,26.83,123.98,41.38,109.43,10.42,4.62,0,2,56.54406169,0
2007-06-06,9:12 AM,13,3,33-2*,33-2* 13 3,Direct swim (m),178.28,27.6,123.64,45.02,102.22,9.72,4.48,0.02,2,56.79140139,0
2007-06-06,9:13 AM,13,3,33-3*,33-3* 13 3,Spatial Indirect (m),263.65,31.67,160.27,55.39,89.8,12.5,5.06,0.04,2,56.4208106,0
2007-06-06,9:14 AM,13,3,33-4*,33-4* 13 3,Direct swim (m),110.42,39.99,120.36,40.83,104.37,9.03,3.01,0.09,2,47.88239713,0
2007-06-06,9:15 AM,13,4,Jan-33,33-1 13 4,Spatial Indirect (m),170.49,46.27,174.9,45.2,113.46,13.19,3.78,0,2,83.08461355,0
2007-06-06,9:16 AM,13,4,Feb-33,33-2 13 4,Direct swim (m),124.53,53.82,170.08,39.77,121.07,12.5,3.16,0,2,90.6076684,0
2007-06-06,9:17 AM,13,4,Mar-33,33-3 13 4,Scanning (m),779.65,24.05,469.88,40.22,93.68,43.75,19.54,0.15,1,24.26797855,0
2007-06-06,9:18 AM,13,4,Apr-33,33-4 13 4,Direct swim (m),103.37,73.14,163.83,46.39,117.12,9.72,2.24,0,2,118.5200227,0
2007-06-06,9:26 AM,13,1,Jan-35,35-1 13 1,Scanning (m),2200.59,25,1498.13,36.94,90.12,63.19,59.92,0.37,1,84.52554319,0
2007-06-06,9:27 AM,13,1,Feb-35,35-2 13 1,Direct swim (m),76.59,93.65,168.58,43.49,116.1,8.33,1.8,0,2,102.8347563,0
2007-06-06,9:28 AM,13,1,Jan-36,36-1 13 1,Spatial Indirect (m),109.44,54.81,212.67,30.78,102.91,15.97,3.88,0.3,2,26.54743787,0
2007-06-06,9:29 AM,13,1,Feb-36,36-2 13 1,Spatial Indirect (m),193.38,39.69,198.06,39.43,100.69,13.89,4.99,0.08,2,32.95692569,0
2007-06-06,9:31 AM,13,2,Jan-35,35-1 13 2,Scanning (m),1541.31,20.9,1252.91,26.1,88.08,53.47,59.96,0.3,1,96.0274468,0
2007-06-06,9:33 AM,13,2,35-2*,35-2* 13 2,Spatial Indirect (m),142.94,32.06,151.31,34.31,94.76,15.28,4.72,0.18,2,27.67693397,0
2007-06-06,9:33 AM,13,2,Jan-36,36-1 13 2,Spatial Indirect (m),108.15,31.85,165.01,24.79,103.26,17.36,5.18,0.38,2,54.134687,0
2007-06-06,9:34 AM,13,2,Feb-36,36-2 13 2,Spatial Indirect (m),180.25,30.84,136.64,44.69,103.04,13.19,4.43,0,2,48.68035004,0
2007-06-06,9:36 AM,13,3,Jan-35,35-1 13 3,Direct swim (m),105.02,67.77,138.25,65.68,73.73,4.17,2.04,0,2,87.92539427,0
2007-06-06,9:36 AM,13,3,Feb-35,35-2 13 3,Direct swim (m),58.11,113.77,139.94,59.73,72.7,4.86,1.23,0.14,2,60.90657097,0
2007-06-06,9:37 AM,13,3,Jan-36,36-1 13 3,Direct swim (m),61.42,98.87,132.49,63.18,50.64,3.47,1.34,0,2,55.70464269,0
2007-06-06,9:38 AM,13,3,Feb-36,36-2 13 3,Focal Search (m),235,42.05,171.56,69.8,82.9,7.64,4.08,0,2,85.52874324,0
2007-06-06,9:41 AM,13,4,Jan-35,35-1 13 4,Scanning (m),1472.4,18.69,671.73,44.21,91.69,52.08,35.94,0.33,1,91.81219058,0
2007-06-06,9:41 AM,13,4,Feb-35,35-2 13 4,Chaining (m),470.64,29.54,398.26,41.48,87.78,41.67,13.48,0.44,1,23.99671859,0
2007-06-06,9:42 AM,13,4,Jan-36,36-1 13 4,Random Search (m),219.43,27.58,207.94,41.49,80.94,19.44,7.54,0.61,2,26.12365778,0
2007-06-06,9:43 AM,13,4,Feb-36,36-2 13 4,Direct swim (m),97.57,37.13,90.24,67.14,70.41,5.56,2.43,0,2,51.52117921,0
2007-06-06,9:51 AM,13,1,Jan-37,37-1 13 1,Spatial Indirect (m),225.48,47.98,200.55,65.53,81.25,8.33,4.18,0.16,2,24.86054007,0
2007-06-06,9:51 AM,13,1,Feb-37,37-2 13 1,Spatial Indirect (m),95.01,71.55,153.11,56.92,82.97,6.25,2.14,0.17,2,34.16016049,0
2007-06-06,9:52 AM,13,1,Mar-37,37-3 13 1,Scanning (m),297.16,37.03,235.53,55.74,84.82,17.36,6.36,0.43,2,26.76370458,0
2007-06-06,9:55 AM,13,2,Jan-37,37-1 13 2,Scanning (m),395.06,25.96,218.02,58.23,85.17,20.14,8.4,0,0,70.08584935,0
2007-06-06,9:56 AM,13,2,Feb-37,37-2 13 2,Spatial Indirect (m),267.48,26.67,142.18,63.81,74.04,11.81,5.33,0.15,2,31.03188454,0
2007-06-06,9:57 AM,13,2,Mar-37,37-3 13 2,Spatial Indirect (m),143.7,33.12,118.58,59.59,85.14,9.72,3.58,0.05,2,52.74075543,0
2007-06-06,9:59 AM,13,3,Jan-37,37-1 13 3,Spatial Indirect (m),157.55,46.92,205.99,36.28,104.97,13.89,4.39,0.09,2,57.63516723,0
2007-06-06,10:00 AM,13,3,Feb-37,37-2 13 3,Not Recognized (m),84.62,73.04,168,38.08,113.37,8.33,2.3,0,2,69.08799342,0
2007-06-06,10:01 AM,13,3,Mar-37,37-3 13 3,Scanning (m),319.66,31.26,293.24,34.44,101.48,26.39,9.38,0.01,0,59.71646357,0
2007-06-06,10:03 AM,13,4,Jan-37,37-1 13 4,Scanning (m),289.46,29.25,212.96,41.57,94.15,18.75,7.28,0.03,2,56.07947566,0
2007-06-06,10:04 AM,13,4,Feb-37,37-2 13 4,Direct swim (m),89.38,45.21,129.76,34.56,102.77,10.42,2.87,0.13,2,45.25864918,0
2007-06-06,10:05 AM,13,4,Mar-37,37-3 13 4,Scanning (m),287.22,25.98,184.96,42.94,95.16,18.06,7.12,0.1,2,25.121995,0
2007-06-07,10:26 AM,14,1,31-Jan,31-1 14 1,Random Search (m),2276.32,24.08,1444.2,38.19,90.71,77.78,59.98,0.28,1,98.89976856,0
2007-06-07,10:28 AM,14,1,Feb-31,31-2 14 1,Random Search (m),2526.12,21.85,1309.24,44.11,89.56,75.69,59.93,0.34,0,23.72802339,0
2007-06-07,10:30 AM,14,1,Jan-32,32-1 14 1,Random Search (m),2702.55,23,1378.45,45.51,92.19,80.56,59.94,0.14,1,99.54330632,0
2007-06-07,10:32 AM,14,1,Feb-32,32-2 14 1,Random Search (m),2525.82,23.95,1436.98,43.62,90.67,79.17,59.99,0.31,1,79.82770113,0
2007-06-07,10:39 AM,14,1,Jan-33,33-1 14 1,Random Search (m),2898.3,18.48,1106.84,50.25,84.49,66.67,59.91,0.29,0,44.39662251,0
2007-06-07,10:40 AM,14,1,Feb-33,33-2 14 1,Random Search (m),2660.57,20.91,1254.08,44.49,92.07,64.58,59.97,0.21,1,61.28413975,0
2007-06-07,10:42 AM,14,1,Mar-33,33-3 14 1,Random Search (m),2985.89,23.18,1388.3,51.62,87.19,68.06,59.9,0.2,0,80.18418678,0
2007-06-07,10:44 AM,14,1,Apr-33,33-4 14 1,Random Search (m),2234.31,22.92,1375.12,37.71,93.48,71.53,60,0.21,1,73.54597282,0
2007-06-07,10:51 AM,14,1,Jan-35,35-1 14 1,Random Search (m),1986.59,25.13,1507.26,34.57,86.91,54.86,59.98,0.42,1,88.03435115,0
2007-06-07,10:53 AM,14,1,35-2*,35-2* 14 1,Random Search (m),1869.68,25.25,1515.24,31.64,95.7,75.69,60,0.37,1,17.16644534,0
2007-06-07,10:55 AM,14,1,Jan-36,36-1 14 1,Random Search (m),1970.15,26.66,1597.38,33.02,89.28,83.33,59.91,0.19,1,92.67672094,0
2007-06-07,10:56 AM,14,1,Feb-36,36-2 14 1,Random Search (m),2823.28,21.79,1306.24,48.94,86.36,79.17,59.96,0.26,1,65.00155937,0
2007-06-07,11:06 AM,14,1,Jan-37,37-1 14 1,Random Search (m),2932.62,23.27,1395.32,50.46,91.8,71.53,59.97,0.18,0,47.19517069,0
2007-06-07,11:07 AM,14,1,Feb-37,37-2 14 1,Random Search (m),3151.92,26.73,1601.82,52.62,91.58,72.22,59.92,0.07,0,114.2235224,0
2007-06-07,11:09 AM,14,1,Mar-37,37-3 14 1,Random Search (m),2588.34,23.31,1396.08,43.69,90.26,72.92,59.9,0.15,1,80.15571874,0
2007-06-08,7:43 AM,15,1,31-Jan,31-1 15 1,Not Recognized (m),31.25,188.94,124.7,43.57,153.09,5.56,0.66,0.88,2,153.091516,0
2007-06-08,7:44 AM,15,1,Feb-31,31-2 15 1,Random Search (m),621.8,10.69,159.32,45.6,97.34,15.97,14.91,0,1,100.9696454,0
2007-06-08,7:45 AM,15,1,Jan-32,32-1 15 1,Spatial Indirect (m),281.88,27.03,175.7,46.67,90.08,16.67,6.5,0,2,63.2876512,0
2007-06-08,7:46 AM,15,1,Feb-32,32-2 15 1,Chaining (m),331.77,26.38,246.41,38.32,90.9,27.78,9.34,0.09,0,41.82320068,0
2007-06-08,7:47 AM,15,2,31-Jan,31-1 15 2,Spatial Indirect (m),126.84,52.42,149.93,58.67,59.27,6.94,2.86,0.13,2,85.4441042,0
2007-06-08,7:48 AM,15,2,Feb-31,31-2 15 2,Direct swim (m),163.31,39.75,139.93,63.33,56.41,4.17,3.52,0.08,2,100.7912562,0
2007-06-08,7:49 AM,15,2,Jan-32,32-1 15 2,Spatial Indirect (m),132.01,49.57,146.73,60.2,46.19,5.56,2.96,0.1,2,54.48617693,0
2007-06-08,7:50 AM,15,2,Feb-32,32-2 15 2,Spatial Indirect (m),177.32,44.7,171.2,59.75,67.53,10.42,3.83,0.15,2,86.85085597,0
2007-06-08,7:51 AM,15,3,31-Jan,31-1 15 3,Direct swim (m),146.33,30.62,121.25,55.25,68.82,9.72,3.96,0,2,90.66057737,0
2007-06-08,7:52 AM,15,3,Feb-31,31-2 15 3,Spatial Indirect (m),461.96,19.91,164.47,70.29,86.19,13.19,8.26,0.04,1,104.1715463,0
2007-06-08,7:53 AM,15,3,Jan-32,32-1 15 3,Direct swim (m),146,31.18,125.65,56.77,67.17,10.42,4.03,0.07,2,36.28798513,0
2007-06-08,7:54 AM,15,3,Feb-32,32-2 15 3,Direct swim (m),151.6,33.39,125.88,58.75,72.68,9.72,3.77,0.03,2,50.5023655,0
2007-06-08,7:55 AM,15,4,31-1*,31-1* 15 4,Direct swim (m),90.41,52.2,144.59,34.35,125.17,5.56,2.77,0,2,119.4524537,0
2007-06-08,7:56 AM,15,4,Feb-31,31-2 15 4,Direct swim (m),84.3,59.08,138.83,38.38,111.85,4.86,2.35,0,2,101.9700287,0
2007-06-08,7:57 AM,15,4,Jan-32,32-1 15 4,Direct swim (m),90.03,41.79,139.16,27.68,120.67,6.25,3.33,0,2,54.53038353,0
2007-06-08,7:57 AM,15,4,Feb-32,32-2 15 4,Direct swim (m),56.32,81.31,134.15,34.84,130.57,4.86,1.65,0,2,109.3811805,0
2007-06-08,8:13 AM,15,1,Jan-33,33-1 15 1,Direct swim (m),69.09,65.11,131.52,34.22,121.78,6.25,2.02,0,2,122.6218799,0
2007-06-08,8:14 AM,15,1,Feb-33,33-2 15 1,Scanning (m),638.32,26.05,329.53,51.2,88.08,25.69,12.65,0.02,1,34.71918074,0
2007-06-08,8:15 AM,15,1,Mar-33,33-3 15 1,Spatial Indirect (m),182.33,46.4,190.71,45.16,93.12,13.19,4.11,0,2,96.15908999,0
2007-06-08,8:16 AM,15,1,Apr-33,33-4 15 1,Spatial Indirect (m),256.84,40.21,243.27,43.01,98.87,18.06,6.05,0,2,91.59656928,0
2007-06-08,8:17 AM,15,2,Jan-33,33-1 15 2,Spatial Indirect (m),295.62,28.26,167.85,62.85,64.82,4.86,5.94,0.1,2,91.72282482,0
2007-06-08,8:18 AM,15,2,Feb-33,33-2 15 2,Scanning (m),276.19,31.67,190.04,59.65,77.05,11.11,6,0.26,2,48.20777437,0
2007-06-08,8:19 AM,15,2,Mar-33,33-3 15 2,Focal Search (m),324.46,37.1,263.04,53.57,77.08,14.58,7.09,0.26,0,31.91433865,0
2007-06-08,8:20 AM,15,2,Apr-33,33-4 15 2,Spatial Indirect (m),237.1,41.85,193.34,63.41,65.31,8.33,4.62,0.06,2,89.77538939,0
2007-06-08,8:21 AM,15,3,Jan-33,33-1 15 3,Spatial Indirect (m),203.28,24.74,139.8,51.75,83.08,13.19,5.65,0,2,66.03414492,0
2007-06-08,8:22 AM,15,3,Feb-33,33-2 15 3,Direct swim (m),269.4,22.48,134.46,64.23,66.85,9.72,5.98,0.16,2,65.16449542,0
2007-06-08,8:23 AM,15,3,Mar-33,33-3 15 3,Directed Search (m),340.68,26.63,184.27,61.54,75.85,18.75,6.92,0,1,86.36554302,0
2007-06-08,8:24 AM,15,3,Apr-33,33-4 15 3,Direct swim (m),119.01,35.61,119.28,55.67,67.32,10.42,3.35,0.03,2,42.008285,0
2007-06-08,8:25 AM,15,4,Jan-33,33-1 15 4,Spatial Indirect (m),316.44,19.87,174.02,39.36,99.72,17.36,8.76,0,1,46.80922962,0
2007-06-08,8:26 AM,15,4,Feb-33,33-2 15 4,Spatial Indirect (m),140.02,32.29,129.82,40.21,84.92,11.11,4.02,0,2,37.09368524,0
2007-06-08,8:27 AM,15,4,Mar-33,33-3 15 4,Spatial Indirect (m),345.03,29.27,186.44,57.11,90.37,15.97,6.37,0.02,1,101.7146219,0
2007-06-08,8:28 AM,15,4,Apr-33,33-4 15 4,Direct swim (m),104.77,32.22,127.92,31.42,105.59,11.11,3.97,0.15,2,67.34066638,0
2007-06-08,8:34 AM,15,1,Jan-35,35-1 15 1,Scanning (m),249.72,23.3,291.05,22.23,90.05,20.83,12.49,0.47,2,74.28624831,0
2007-06-08,8:35 AM,15,1,35-2*,35-2* 15 1,Chaining (m),426.21,29.84,413.56,32.36,94.72,38.19,13.86,0.28,1,27.5951908,0
2007-06-08,8:36 AM,15,1,36-1*,36-1* 15 1,Scanning (m),250,28.58,302.64,24.74,98.65,31.25,10.59,0.27,2,56.11948103,0
2007-06-08,8:37 AM,15,1,Feb-36,36-2 15 1,Spatial Indirect (m),300.33,27.56,189.34,47.13,89.63,20.83,6.87,0,0,74.72536133,0
2007-06-08,8:38 AM,15,2,Jan-35,35-1 15 2,Spatial Indirect (m),134.27,32.54,227.14,19.94,103.73,15.97,6.98,0.42,2,19.44851049,0
2007-06-08,8:39 AM,15,2,Feb-35,35-2 15 2,Direct swim (m),49.45,81.94,132.74,30.64,126.43,4.86,1.62,0,2,103.1084875,0
2007-06-08,8:40 AM,15,2,Jan-36,36-1 15 2,Direct swim (m),78.47,59.7,145.06,33.52,95.21,5.56,2.43,0.12,2,74.77165526,0
2007-06-08,8:41 AM,15,2,Feb-36,36-2 15 2,Spatial Indirect (m),130.78,41.39,172.58,32.47,116.37,4.86,4.17,0.09,2,98.20064698,0
2007-06-08,8:42 AM,15,3,Jan-35,35-1 15 3,Chaining (m),467.83,31.8,354.24,48.53,82.43,25.69,11.14,0.13,1,71.54261237,0
2007-06-08,8:43 AM,15,3,Feb-35,35-2 15 3,Spatial Indirect (m),152.8,55.73,193.39,56.4,72.91,11.11,3.47,0.28,2,78.80384602,0
2007-06-08,8:44 AM,15,3,Jan-36,36-1 15 3,Spatial Indirect (m),193.27,37.57,181.45,53.74,72.2,12.5,4.83,0.5,2,61.67165731,0
2007-06-08,8:45 AM,15,3,Feb-36,36-2 15 3,Spatial Indirect (m),176.47,45.98,166.89,62.95,62.34,6.94,3.63,0.11,2,49.48047871,0
2007-06-08,8:46 AM,15,4,Jan-35,35-1 15 4,Chaining (m),355.21,23.86,247.93,44.77,80.14,16.67,10.39,0.4,1,27.56787998,0
2007-06-08,8:47 AM,15,4,Feb-35,35-2 15 4,Spatial Indirect (m),119.5,37.74,129.08,53.5,61.41,9.72,3.42,0.39,2,11.24081805,0
2007-06-08,8:48 AM,15,4,Jan-36,36-1 15 4,Chaining (m),459.72,27.38,396.72,38.19,82.75,38.19,14.49,0.37,0,25.28325911,0
2007-06-08,8:48 AM,15,4,Feb-36,36-2 15 4,Direct swim (m),109.11,39.69,119.08,56.31,70.11,8.33,3,0,2,59.9484205,0
2007-06-08,8:55 AM,15,1,37-1*,37-1* 15 1,Direct swim (m),103.77,37.01,121.75,35.17,93.24,10.42,3.29,0,2,60.47732744,0
2007-06-08,8:56 AM,15,1,Feb-37,37-2 15 1,Scanning (m),825.2,24.03,330.15,62.01,87.3,22.92,13.74,0.04,0,35.55746453,0
2007-06-08,8:57 AM,15,1,Mar-37,37-3 15 1,Chaining (m),936.67,21.75,473.37,44.25,86.89,38.89,21.76,0.09,0,56.759327,0
2007-06-08,8:59 AM,15,2,Jan-37,37-1 15 2,Direct swim (m),68.98,86.95,139.99,59.29,45.45,2.78,1.61,0.5,2,27.61173163,0
2007-06-08,9:00 AM,15,2,Feb-37,37-2 15 2,Spatial Indirect (m),174.92,54.54,187.61,62.79,72.04,9.72,3.44,0.25,2,114.056985,0
2007-06-08,9:01 AM,15,2,Mar-37,37-3 15 2,Spatial Indirect (m),111.44,62.78,144.39,62.66,63.15,4.17,2.3,0.04,2,97.4085515,0
2007-06-08,9:03 AM,15,3,Jan-37,37-1 15 3,Direct swim (m),154.19,33.93,124.87,61.8,65.49,9.72,3.68,0.03,2,65.38690689,0
2007-06-08,9:04 AM,15,3,Feb-37,37-2 15 3,Direct swim (m),86.54,42.72,116.2,51,64.98,9.72,2.72,0.03,2,33.2074388,0
2007-06-08,9:04 AM,15,3,Mar-37,37-3 15 3,Spatial Indirect (m),176.58,34.66,138.65,63.18,66.43,11.11,4,0.07,2,49.24194032,0
2007-06-08,9:06 AM,15,4,37-1*,37-1* 15 4,Spatial Indirect (m),55.57,71.55,147.4,27.5,118.58,8.33,2.06,0,2,89.33782189,0
2007-06-08,9:07 AM,15,4,Feb-37,37-2 15 4,Chaining (m),279.02,45.61,265.45,48.84,91.9,20.83,5.82,0.12,2,27.25102213,0
2007-06-08,9:08 AM,15,4,Mar-37,37-3 15 4,Direct swim (m),50.4,73.59,139.08,27.27,115.64,6.94,1.89,0,2,83.80304955,0